,0
0,"–í—á–µ—Ä–∞ –≤ —Ç—É–∞–ª–µ—Ç–µ –æ—Ç–¥–∞–ª–∞ –ø—å—è–Ω–æ–π –¥–µ–≤—É—à–∫–µ —Ä–µ–∑–∏–Ω–∫—É –¥–ª—è –≤–æ–ª–æ—Å –∏ –æ–Ω–∞ –ø—Ä–∏–≥–ª–∞—Å–∏–ª–∞ –º–µ–Ω—è –Ω–∞ —Å–≤–æ—é —Å–≤–∞–¥—å–±—É –≤ —è–Ω–≤–∞—Ä–µ. –ê –∫–∞–∫ –ø—Ä–æ—à—ë–ª –≤–∞—à –¥–µ–Ω—å?

#–°–º—É—Ä—Ñ—ã@pn6"
1,"–°–∏–¥–∏–º –∫—É—à–∞–µ–º, –¥–æ—á–∫–∞ 2 –≥–æ–¥–∞, –±—Ä–∞—Ç 10 –ª–µ—Ç –∏ —è. –î–æ—á–∫–∞ –º–∞–∫–∞–µ—Ç –∫—É—Å–æ—á–µ–∫ –±–∞—Ç–æ–Ω–∞ –≤ —Å—É–ø –∫ –±—Ä–∞—Ç—É –∏ —Å—ä–µ–¥–∞–µ—Ç –º—è–∫—É—à–µ–∫. –ù–µ—Å–∫–æ–ª—å–∫–æ –∫—Ä–æ—à–µ–∫ –ø–∞–¥–∞–µ—Ç –≤ –µ–≥–æ —Ç–∞—Ä–µ–ª–∫—É. –ò —Ç—É—Ç –±—Ä–∞—Ç –≤—ã–¥–∞—ë—Ç: "" –≠–π,—Ç—ã –Ω–∞ –∫–æ–≥–æ –±–∞—Ç–æ–Ω –∫—Ä–æ—à–∏—à—å?"" –í–æ—Ç —ç—Ç–æ —É—Ä–æ–≤–µ–Ω—å —É–≥—Ä–æ–∑—ãüòÇ

#–î–µ—Ç–∏@pn6"
2,#–ñ–µ–Ω—â–∏–Ω—ã@pn6
3,"–ü–æ–ª–≥–æ–¥–∞ –Ω–∞–∑–∞–¥ —É –º–æ–µ–≥–æ –¥–µ–¥—É—à–∫–∏ —Å–ª—É—á–∏–ª—Å—è –≤—Ç–æ—Ä–æ–π –∏–Ω—Å—É–ª—å—Ç, –ø–æ—Å–ª–µ –∫–æ—Ç–æ—Ä–æ–≥–æ –æ–Ω —Ç–∞–∫ –∏ –Ω–µ —Å—É–º–µ–ª –ø–æ–ª–Ω–æ—Å—Ç—å—é –≤–æ—Å—Å—Ç–∞–Ω–æ–≤–∏—Ç—å—Å—è, –æ–Ω –ø–æ—á—Ç–∏ –Ω–µ —Ö–æ–¥–∏—Ç –∏ —Å–æ–≤—Å–µ–º –Ω–µ –≥–æ–≤–æ—Ä–∏—Ç.
... –û–±—ã—á–Ω–æ–µ —É—Ç—Ä–æ, –¥–µ–¥—É—à–∫–∞ –∫–∞–∫ –Ω–∏ –≤ —á–µ–º –Ω–µ –±—ã–≤–∞–ª–æ —Å–∞–º–æ—Å—Ç–æ—è—Ç–µ–ª—å–Ω–æ –ø–æ—à—ë–ª –Ω–∞ –∫—É—Ö–Ω—é, –ø–∞—Ä–∞–ª–ª–µ–ª—å–Ω–æ –≤–µ–¥—è –±–µ—Å–µ–¥—É —Å –±–∞–±—É—à–∫–æ–π –æ —Ç–æ–º, —á—Ç–æ –±—ã –æ–Ω —Ö–æ—Ç–µ–ª –Ω–∞ –∑–∞–≤—Ç—Ä–∞–∫. –Ø –≤ –Ω–µ–¥–æ—É–º–µ–Ω–∏–∏ –±—Ä–æ—Å–∞—é—Å—å –∫ –Ω–µ–º—É, –∫—Ä–µ–ø–∫–æ –æ–±–Ω–∏–º–∞—é –∏ –Ω–∞—á–∏–Ω–∞—é –ø–ª–∞–∫–∞—Ç—å, —è –Ω–µ –ø–µ—Ä–µ—Å—Ç–∞—é —Ç–≤–µ—Ä–¥–∏—Ç—å: ""—Ç—ã —Ä–∞–∑–≥–æ–≤–∞—Ä–∏–≤–∞–µ—à—å, –¥–µ–¥—É–ª—å, —Ç—ã —Å–Ω–æ–≤–∞ –≥–æ–≤–æ—Ä–∏—à—å! –ü–æ–∂–∞–ª—É–π—Å—Ç–∞, —Å–∫–∞–∂–∏, —á—Ç–æ —ç—Ç–æ —É–∂–µ –Ω–µ —Å–æ–Ω! –°–ö–ê–ñ–ò!!!"" –û–Ω —Ç–æ–ª—å–∫–æ —É–ª—ã–±–∞–µ—Ç—Å—è, –æ–±–Ω–∏–º–∞—è –º–µ–Ω—è –∏ —É—Å–ø–æ–∫–∞–∏–≤–∞–µ—Ç: "" —á–µ–≥–æ —Ç—ã, –≤—Å—ë –∂–µ –Ω–æ—Ä–º–∞–ª—å–Ω–æ."" –ò –±—É–∫–≤–∞–ª—å–Ω–æ —á–µ—Ä–µ–∑ –ø–∞—Ä—É —Å–µ–∫—É–Ω–¥ –∑–≤–µ–Ω–∏—Ç –±—É–¥–∏–ª—å–Ω–∏–∫ –∏ —è –ø–æ–Ω–∏–º–∞—é, —á—Ç–æ —ç—Ç–æ –æ–ø—è—Ç—å –±—ã–ª –ª–∏—à—å —Å–æ–Ω...üòîüòîüòî

#–ü–µ—á–∞–ª—å@pn6"
4,"–ñ–∏–≤—É –≤ –º–∞–ª–µ–Ω—å–∫–æ–º –≥–æ—Ä–æ–¥–∫–µ, –≤ –æ–¥–Ω–æ–º –∏–∑ —Ç–µ—Ö, ""–≥–¥–µ –±–µ–∑ —Å–ø—Ä–æ—Å–∞ —Ö–æ–¥—è—Ç –≤ –≥–æ—Å—Ç–∏, –≥–¥–µ –Ω–µ—Ç –∑–∞–≤–∏—Å—Ç–∏ –∏ –∑–ª–æ—Å—Ç–∏..."". –ï–¥—É –Ω–∞ –º–∞—à–∏–Ω–µ. –ú–µ–Ω—è –æ—Å—Ç–∞–Ω–∞–≤–ª–∏–≤–∞–µ—Ç –ì–ê–ò—à–Ω–∏–∫, –º–æ–π —Å—Ç–∞—Ä—ã–π –∑–Ω–∞–∫–æ–º—ã–π, –∏ –≥–æ–≤–æ—Ä–∏—Ç: ""–í—á–µ—Ä–∞ –∑–∞–Ω–∏–º–∞–ª —É —Ç–µ–±—è, —Å–µ–≥–æ–¥–Ω—è –≤–æ–∑–≤—Ä–∞—â–∞—é."" –ò –¥–∞–µ—Ç –º–Ω–µ –¥–µ–Ω—å–≥–∏. –≠—Ç–æ –±—ã–ª, –Ω–∞–≤–µ—Ä–Ω–æ–µ, –ø–µ—Ä–≤—ã–π —Å–ª—É—á–∞–π –≤ –∏—Å—Ç–æ—Ä–∏–∏, –∫–æ–≥–¥–∞ –ì–ê–ò—à–Ω–∏–∫ –¥–∞–≤–∞–ª –¥–µ–Ω—å–≥–∏ –≤–æ–¥–∏—Ç–µ–ª—é, –∞ –Ω–µ –Ω–∞–æ–±–æ—Ä–æ—Ç.

#–£–¥–∏–≤–∏—Ç–µ–ª—å–Ω–æ–µ@pn6"
5,"–£ –º–æ–µ–π –∑–Ω–∞–∫–æ–º–æ–π —Å—ã–Ω –¥–æ 35 –ª–µ—Ç —Å–∏–¥–µ–ª —É –º–∞–º—ã –Ω–∞ —à–µ–µ, –Ω–æ –Ω–∞–∫–æ–Ω–µ—Ü-—Ç–æ —Å–æ–±—Ä–∞–ª—Å—è –∂–µ–Ω–∏—Ç—å—Å—è –Ω–∞ –∫–æ–ª–ª–µ–≥–µ –ø–æ —Ä–∞–±–æ—Ç–µ –∏ –∂–∏—Ç—å –æ—Ç–¥–µ–ª—å–Ω–æ. –ú–∞–º—É —Å –Ω–µ–≤–µ—Å—Ç–æ–π –Ω–µ –ø–æ–∑–Ω–∞–∫–æ–º–∏–ª, —Ç–æ–ª—å–∫–æ –ø–æ—Ö–≤–∞—Å—Ç–∞–ª—Å—è, —á—Ç–æ –æ–Ω–∞ –æ—á–µ–Ω—å –∫—Ä–∞—Å–∏–≤–∞—è. –ó–Ω–∞–∫–æ–º–∞—è, –ø—Ä–æ—Å—Ç–∞—è –¥–µ—Ä–µ–≤–µ–Ω—Å–∫–∞—è —Ç–µ—Ç–∫–∞, –∑–Ω–∞—è, —á—Ç–æ —Å—ã–Ω —Ç–æ—Ç –µ—â–µ –±–∞–ª–±–µ—Å, —Ä–µ—à–∏–ª–∞ –Ω–∞–≤–µ—Å—Ç–∏ —Å–ø—Ä–∞–≤–∫–∏ —Å–∞–º–æ—Å—Ç–æ—è—Ç–µ–ª—å–Ω–æ. –£–∑–Ω–∞–ª–∞ –∞–¥—Ä–µ—Å –æ–±—â–µ–∂–∏—Ç–∏—è, –≥–¥–µ –∂–∏–≤–µ—Ç –∫—Ä–∞—Å–∞–≤–∏—Ü–∞, –∏ –æ—Ç–ø—Ä–∞–≤–∏–ª–∞—Å—å —Ç—É–¥–∞. –ù–∞—à–ª–∞ —Å–æ—Å–µ–¥–∫—É - –ø–æ–¥—Ä—É–∂–∫—É —ç—Ç–æ–π –¥–∞–º—ã. –†–∞–∑–≥–æ–≤–æ—Ä–∏–ª–∏—Å—å. –°–æ—Å–µ–¥–∫–∞ —Ç–æ–∂–µ –∫—É–¥–∞—Ö—á–µ—Ç –æ –∫—Ä–∞—Å–æ—Ç–µ, –Ω–æ —É–ø–æ–º–∏–Ω–∞–µ—Ç, —á—Ç–æ —É –±—É–¥—É—â–µ–π –Ω–µ–≤–µ—Å—Ç–∫–∏ –µ—Å—Ç—å –¥–æ—á—å 12 –ª–µ—Ç, –∫–æ—Ç–æ—Ä–∞—è –∂–∏–≤–µ—Ç –Ω–µ —Å –º–∞–º–æ–π, –∞ —Å –µ–µ —Å–µ—Å—Ç—Ä–æ–π, –ø–æ—Ç–æ–º—É —á—Ç–æ ""–Ω—É, —Å–µ—Å—Ç—Ä–∞ –∂–µ –≤—Å–µ —Ä–∞–≤–Ω–æ –±–µ–∑–¥–µ—Ç–Ω–∞—è, –ø—É—Å—Ç—å —Ö–æ—Ç—å –ø–ª–µ–º—è–Ω–Ω–∏—Ü—É —Å–º–æ—Ç—Ä–∏—Ç"". –¢–µ—Ç–∫–∞ –ø—Ä–∏—Ñ–∏–≥–µ–ª–∞ –∏ —Å–ø—Ä–∞—à–∏–≤–∞–µ—Ç, –∞ –≥–¥–µ –∂–µ, —Å–æ–±—Å–Ω–∞, —Ä–µ–±–µ–Ω–æ—á–∫–∞ –ø–∞–ø–∞? ""–ù—É, –≤—ã –∂–µ –ø–æ–Ω–∏–º–∞–µ—Ç–µ, - –≥–æ–≤–æ—Ä–∏—Ç –ø–æ–¥—Ä—É–≥–∞. - –û–Ω–∞ –∂–µ —Ç–∞–∫–∞—è –∫—Ä–∞—Å–∏–≤–∞—è, —Ç–∞–∫–∞—è –∫—Ä–∞—Å–∏–≤–∞—è! –û–Ω–∞ —Ç–∞–∫–∞—è –∫—Ä–∞—Å–∏–≤–∞—è, —á—Ç–æ –¥–æ —Å–∏—Ö –ø–æ—Ä –Ω–µ –∑–Ω–∞–µ—Ç, –∫—Ç–æ –æ—Ç–µ—Ü!"" –ó–∞–Ω–∞–≤–µ—Å.

#–≠–∫—Å–ø–æ–Ω–∞—Ç@pn6"
6,"–î–æ–ø–æ–ª–Ω–∏—Ç–µ–ª—å–Ω—ã–π ‚ù§, –µ—Å–ª–∏ —Ç–æ–∂–µ –ø—Ä–æ–ø–µ–ªüòÖ

#–≠–∫—Å–ø–æ–Ω–∞—Ç@pn6"
7,"–ù–∞—à 7–º–∏–ª–µ—Ç–Ω–∏–π —Å—ã–Ω —É–≤–ª–µ–∫—Å—è —Ñ–æ–∫—É—Å–∞–º–∏. –°–µ–≥–æ–¥–Ω—è —É –Ω–∞—Å –±—ã–ª–∏ –≥–æ—Å—Ç–∏, –∏ –ú–∏—à–∞ —Ä–µ—à–∏–ª –ø—Ä–æ–¥–µ–º–æ–Ω—Å—Ç—Ä–∏—Ä–æ–≤–∞—Ç—å —Å–≤–æ–∏ —É–º–µ–Ω–∏—è —Ñ–æ–∫—É—Å–Ω–∏–∫–∞. –ü–æ–∫–∞–∑–∞–ª —Ñ–æ–∫—É—Å—ã —Å –∫–æ–ª—å—Ü–∞–º–∏, —Å –º–∞–≥–Ω–∏—Ç–∞–º–∏, —Å –º—è—á–∏–∫–∞–º–∏. –ú—ã, –µ—Å—Ç–µ—Å—Ç–≤–µ–Ω–Ω–æ, –µ–≥–æ –ø–æ–¥–¥–µ—Ä–∂–∏–≤–∞–µ–º, —Å–º–µ—ë–º—Å—è, —Ç–∞–∫–∞—è –º–∏–ª–∞—è –∞—Ç–º–æ—Å—Ñ–µ—Ä–∞ –≤–æ–∫—Ä—É–≥, –∏ —Ç—É—Ç –ú–∏—à–∞ –≥–æ–≤–æ—Ä–∏—Ç: ""–ù–∞—Å—Ç–∞–ª–æ –≤—Ä–µ–º—è –º–æ–µ–≥–æ —Ñ–∏–Ω–∞–ª—å–Ω–æ–≥–æ –Ω–æ–º–µ—Ä–∞!"". –ú—ã –≤—Å–µ —Ç–∞–∫–∏–µ: ""–£—É—É! –î–∞! –î–∞–≤–∞–π! –ö—Ä—É—Ç–æ!"". –ú–∏—à–∞ –ø—Ä–∏–Ω–æ—Å–∏—Ç –∏–∑ –∫–æ–º–Ω–∞—Ç—ã –∫–æ—Ä–æ–±–∫—É, —É—à–µ–ª –µ—â–µ –∫—É–¥–∞-—Ç–æ, –≤–µ—Ä–Ω—É–ª—Å—è, –∏ —Å –∏–Ω—Ç–æ–Ω–∞—Ü–∏–µ–π –º–∞–∫—Å–∏–º–∞–ª—å–Ω–æ–π –≥—Ä–∞—Ü–∏–æ–∑–Ω–æ—Å—Ç–∏, –≥–æ–≤–æ—Ä–∏—Ç: ""–ê —Ç–µ–ø–µ—Ä—å —Ñ–∏–Ω–∞–ª—å–Ω—ã–π –Ω–æ–º–µ—Ä!"". –ú—ã: ""–î–∞-–¥–∞!!!"". –û–Ω: ""–†–∞—Å–ø–∏–ª–∏–≤–∞–Ω–∏–µ –∫–æ—Ç–∞ –≤ –∫–æ—Ä–æ–±–∫–µ!"". –ú—ã: ""–î–∞–∞! –¢–∞–∫, —Å—Ç–æ–ø! –ß—Ç–æ?!"" –ò –¥–æ–±—Ä—ã–π –ú–∏—à–µ–Ω—å–∫–∞ –¥–æ—Å—Ç–∞–µ—Ç –∏–∑-–∑–∞ —Å–ø–∏–Ω—ã –æ–≥—Ä–æ–º–Ω—ã–π –Ω–æ–∂ –¥–ª—è —Ö–ª–µ–±–∞!üòÜü§¶‚Äç‚ôÄp.s. –ö–æ—Ç–∞ —Å–ø–∞—Å–ª–∏, –ø—Ä–æ —Ç–∞–∫–∏–µ —Ñ–æ–∫—É—Å—ã –ª–µ–∫—Ü–∏—é –ø—Ä–æ—á–∏—Ç–∞–ª–∏))

#–®–æ–æ–æ–∫@pn6"
8,"–í–∞—à–∏ —É—à–∫–∏ —Å–æ—Å–∫—É—á–∏–ª–∏—Å—å –ø–æ –Ω–æ–≤–æ–π –∏ –∫—Ä—É—Ç–æ–π –º—É–∑—ã–∫–µ? –¢–æ–≥–¥–∞ —ç—Ç–æ —Ç–æ, —á–µ–≥–æ —Ç–µ–±–µ –Ω–µ —Ö–≤–∞—Ç–∞–ª–æ! üî•

–ù–∞ —Å—Ç—Ä–∞–∂–µ –æ–±–Ω–æ–≤–ª–µ–Ω–∏—è –ø–ª–µ–π–ª–∏—Å—Ç–∞ –∫—Ä—É—Ç—ã–º–∏ —Ç—Ä–µ–∫–∞–º–∏, –µ–≥–æ –≤–µ–ª–∏—á–µ—Å—Ç–≤–æ ""–ú—É–∑—ã–∫–∞–ª—å–Ω—ã–π –§–ª–µ—à–º–æ–±"" –≤ –ü–∞–ª–∞—Ç–µ ‚Ññ6! üòé

üìå –ò–Ω—Å—Ç—Ä—É–∫—Ü–∏—è –ø–æ –ø—Ä–∏–º–µ–Ω–µ–Ω–∏—é üëá
1. –ì–æ–ª–æ—Å—É–π –∑–∞ —Å–≤–æ–π –ª—é–±–∏–º—ã–π —Å—Ç–∏–ª—å –º—É–∑—ã–∫–∏;
2. –í—ã–±–∏—Ä–∞–π 20 —á–µ–ª–æ–≤–µ–∫, –ø—Ä–æ–≥–æ–ª–æ—Å–æ–≤–∞–≤—à–∏—Ö –∑–∞ –ø–æ–¥—Ö–æ–¥—è—â–∏–π —Ç–µ–±–µ –≤–∞—Ä–∏–∞–Ω—Ç.
3. –î–µ–ª–∏—Å—å –ª—é–±–∏–º–æ–π –º—É–∑—ã–∫–æ–π –∏ —Ö–æ—Ä–æ—à–∏–º –Ω–∞—Å—Ç—Ä–æ–µ–Ω–∏–µ–º!
4. –ü—Ä–∏—Å—ã–ª–∞–π –≤ ""–ø—Ä–µ–¥–ª–æ–∂–∏—Ç—å –Ω–æ–≤–æ—Å—Ç—å"" —Å–∫—Ä–∏–Ω—ã –º—É–∑—ã–∫–∞–ª—å–Ω—ã—Ö –ø–µ—Ä–µ–ø–∏—Å–æ–∫ - –ª—É—á—à–∏–µ –ø–æ–ø–∞–¥—É—Ç –Ω–∞ —Å—Ç–µ–Ω—É –ü–∞–ª–∞—Ç—ã ‚Ññ6 üëç

–¢—É—Ç –Ω–µ—Ç –º–µ—Å—Ç–∞ —Å—Ç–µ—Å–Ω–µ–Ω–∏—é, –≤–µ–¥—å –≤—Å–µ–º –∏–∑–≤–µ—Å—Ç–Ω–æ, —á—Ç–æ –º—É–∑—ã–∫–∞ –æ–±—ä–µ–¥–∏–Ω—è–µ—Ç ‚ù§

–¢–£–¶-–¢–£–¶-–¢–£–¶, –ü–û–û–û–û–ï–•–ê–õ–ò! üíÉüíÉüíÉ"
9,"–£ –º–µ–Ω—è –¥–≤–µ –¥–æ—á–∫–∏, 9 –∏ 12 –ª–µ—Ç. –ò –≤–æ—Ç –æ–Ω–∏ –≤–µ–¥—É—Ç —Å–µ–±—è –∫–∞–∫ —Ç–∏–ø–∏—á–Ω–µ–π—à–∏–µ —Å—ë—Å—Ç—Ä—ã: –ø–æ—Å—Ç–æ—è–Ω–Ω–æ —Ä—É–≥–∞—é—Ç—Å—è, –≤–µ—á–Ω–æ —Å–ø–æ—Ä—è—Ç, –∫—Ç–æ –¥–æ–ª–∂–µ–Ω —É–±–∏—Ä–∞—Ç—å, –∞ –∫—Ç–æ –º—ã—Ç—å –ø–æ—Å—É–¥—É, –±–µ—Ä—É—Ç –æ–¥–µ–∂–¥—É –¥—Ä—É–≥ –¥—Ä—É–≥–∞ –±–µ–∑ —Å–ø—Ä–æ—Å–∞, –∏ –µ—â—ë –∫—É—á–∞ –≤—Å–µ–≥–æ. –ö–æ–Ω–µ—á–Ω–æ, —è –∏—Ö –∏ —Ä—É–≥–∞—é, –∏ —Ä–∞–∑–Ω–∏–º–∞—é, –≤–µ–¥—å ""–í—ã –∂–µ —Ä–æ–¥–Ω—ã–µ —Å—ë—Å—Ç—Ä—ã!""‚Ä¶ –ù–æ –≤ —Ç–æ –∂–µ –≤—Ä–µ–º—è —è —Ä–∞–¥—É—é—Å—å, —á—Ç–æ –æ–Ω–∏ –¥–µ–ª–∞—é—Ç –≤—Å–µ —ç—Ç–∏ —à—Ç—É–∫–∏, –≤–µ–¥—å —Ç–∞–º –Ω–µ —Ç–æ–ª—å–∫–æ —Å—Å–æ—Ä—ã –∏ —Ä—É–≥–∞–Ω—å, –∞ –µ—â–µ –∏ –Ω–µ–≤–µ—Ä–æ—è—Ç–Ω–∞—è –ø–æ–¥–¥–µ—Ä–∂–∫–∞ –¥—Ä—É–≥ –¥—Ä—É–≥–∞. –ò —è –∏–º —Ç–∞–∫ –∑–∞–≤–∏–¥—É—é! –ó–∞–≤–∏–¥—É—é –∏ –≥—Ä—É—â—É, —á—Ç–æ —è –≤ —Å–µ–º—å–µ –µ–¥–∏–Ω—Å—Ç–≤–µ–Ω–Ω—ã–π —Ä–µ–±—ë–Ω–æ–∫, —á—Ç–æ —É –º–µ–Ω—è –Ω–µ –±—ã–ª–æ –∏ –Ω–∏–∫–æ–≥–¥–∞ –±–æ–ª—å—à–µ –Ω–µ –±—É–¥–µ—Ç –≤–æ–∑–º–æ–∂–Ω–æ—Å—Ç–∏ ""–ø–æ—Å–ø–æ—Ä–∏—Ç—å"" —Å —Å–µ—Å—Ç—Ä–æ–π‚Ä¶ –¶–µ–Ω–∏—Ç–µ —Å–≤–æ–∏—Ö –±—Ä–∞—Ç—å–µ–≤ –∏ —Å–µ—Å—Ç—ë—Ä, —ç—Ç–æ –ø—Ä–∞–≤–¥–∞ —Å—á–∞—Å—Ç—å–µ! üòå

#–°–µ–º—å—è@pn6"
10,"–û—Å—Ç–∞–ª–æ—Å—å —Å–æ–≤—Å–µ–º —á—É—Ç—å-—á—É—Ç—å –¥–æ –ù–æ–≤–æ–≥–æ –≥–æ–¥–∞! –ü–æ–º–Ω—é, —á—Ç–æ –º–æ–π –ª—É—á—à–∏–π –ù–æ–≤—ã–π –≥–æ–¥ —è –ø—Ä–æ–≤–µ–ª –≤ –ü—Ä–∞–≥–µ, –º—ã —Å –¥—Ä—É–∑—å—è–º–∏ —Å–ø–æ–Ω—Ç–∞–Ω–Ω–æ –∫—É–ø–∏–ª–∏ –±–∏–ª–µ—Ç—ã, –ø–µ–ª–∏ –∏ –ø–ª—è—Å–∞–ª–∏ –Ω–∞ –≥–ª–∞–≤–Ω–æ–π –ø–ª–æ—â–∞–¥–∏ –≥–æ—Ä–æ–¥–∞, –∑–∞–µ–¥–∞–ª–∏ –≤—Å–µ –≤–∫—É—Å–Ω–µ–π—à–∏–º–∏ —Å–æ—Å–∏—Å–∫–∞–º–∏ –∏ –∑–∞–ø–∏–≤–∞–ª–∏ –≥–æ—Ä—è—á–∏–º –≥–ª–∏–Ω—Ç–≤–µ–π–Ω–æ–º. 
 
–î—Ä—É–∂–∏—â–µ, –µ—Å–ª–∏ —Ç—ã –≤—Å–µ –µ—â–µ –Ω–µ –∑–Ω–∞–µ—à—å, —Å –∫–µ–º –≤—Å—Ç—Ä–µ—Ç–∏—Ç—å —ç—Ç–æ—Ç –ù–æ–≤—ã–π –≥–æ–¥, —Ç–æ —Å–∫–æ—Ä–µ–µ –∑–∞–ø—É—Å–∫–∞–π –∫—Ä—É—Ç—É—é –ø—Ä–∏–ª–æ–∂—É—Ö—É, –∫–æ—Ç–æ—Ä–∞—è –ø–æ–º–æ–∂–µ—Ç —Ç–µ–±–µ –Ω–∞–π—Ç–∏ –≤–ø–∏—Å–∫—É –Ω–∞ —ç—Ç–æ—Ç –ù–ì - https://vk.com/app7233807 
 
–ü.–°.: –∞ –µ—â–µ –ê–≤–∏–∞—Å–µ–π–ª—Å —Ä–∞–∑—ã–≥—Ä—ã–≤–∞–µ—Ç —Å—Ç–æ –±–∏–ª–µ—Ç–æ–≤!"
11,"–°—Ç–∞–≤—å ‚ù§, —á—Ç–æ–± —Å–±—ã–ª–æ—Å—å!

#–í–µ—Å–µ–ª—É—à–∫–∏@pn6"
12,#–ú–∏–ª–æ—Å—Ç–∏@pn6
13,"–°–µ–≥–æ–¥–Ω—è —Å—ã–Ω –ø—Ä–∏–Ω–µ—Å —Å–æ —à–∫–æ–ª—ã –ø–æ –º–∞—Ç–µ–º–∞—Ç–∏–∫–µ –ø–ª–æ—Ö—É—é –æ—Ü–µ–Ω–∫—É - –¥–≤–æ–π–∫—É –∑–∞ –Ω–µ —Å–¥–µ–ª–∞–Ω–Ω—É—é –¥–æ–º–∞—à–∫—É, –æ–ø—è—Ç—å‚Ä¶ –ù—É, –∫–∞–∫ –æ–±—ã—á–Ω–æ, —Ä–∞–∑–≥–æ–≤–∞—Ä–∏–≤–∞—é —Å –Ω–∏–º, –º–æ–ª —Ç–∞–∫ –∏ —Ç–∞–∫, –¥–æ–º–∞—à–∫—É –Ω–∞–¥–æ –¥–µ–ª–∞—Ç—å, –≤—Å–µ –¥–µ–ª–∞. –ò —Ç—É—Ç –æ–Ω –Ω–∞ –º–µ–Ω—è –Ω–∞–µ–∑–∂–∞–µ—Ç: ""–ü–æ—á–µ–º—É, –∫–æ–≥–¥–∞ —è –ø—Ä–∏–Ω–æ—à—É —Ö–æ—Ä–æ—à–∏–µ –æ—Ü–µ–Ω–∫–∏ - —Ç–æ —Ç—ã –≥–æ–≤–æ—Ä–∏—à—å, —á—Ç–æ —è –º–æ–ª–æ–¥–µ—Ü, –∏ —á—Ç–æ —ç—Ç–æ —è –¥–µ–ª–∞—é –¥–ª—è —Å–µ–±—è –≤ –ø–µ—Ä–≤—É—é –æ—á–µ—Ä–µ–¥—å, –∞ –∫–∞–∫ —Ç–æ–ª—å–∫–æ –∫–∞–∫–∞—è-—Ç–æ –ø–ª–æ—Ö–∞—è –æ—Ü–µ–Ω–∫–∞ - —Ç–æ —Ç—ã –º–µ–Ω—è –Ω–∞–∫–∞–∑—ã–≤–∞–µ—à—å? –ú–æ–∂–µ—Ç —è –∏ –ø–ª–æ—Ö—É—é –æ—Ü–µ–Ω–∫—É –¥–ª—è —Å–µ–±—è –∑–∞—Ä–∞–±–∞—Ç—ã–≤–∞—é?!"". –ò –∑–Ω–∞–µ—Ç–µ, –º–∞–ª–µ—Ü –≤–≤–µ–ª –º–µ–Ω—è –≤ —Å—Ç—É–ø–æ—Ä!üòÖ–ö–∞–∫ –¥—É–º–∞–µ—Ç–µ, –∫–∞–∫ –≤–æ–æ–±—â–µ –Ω–∞–¥–æ –Ω–∞ —ç—Ç–æ —Ä–µ–∞–≥–∏—Ä–æ–≤–∞—Ç—å?))
‚ù§3–∫ –ª–∞–π–∫–æ–≤ - —Ç–æ–ª—å–∫–æ —Ö–æ—Ä–æ—à–∏–µ –æ—Ü–µ–Ω–∫–∏ - –¥–ª—è —Å–µ–±—è, –æ—Å—Ç–∞–ª—å–Ω–æ–µ - –¥–ª—è –¥—Ä—É–≥–∏—Ö!
‚ù§4–∫ –∏ –±–æ–ª—å—à–µ –ª–∞–π–∫–æ–≤ - –æ –±–æ–∂–µ, –¥–∞ –≤–µ–¥—å –º–∞–ª–µ—Ü –ø—Ä–∞–≤! —è –≤—Å—é –∂–∏–∑–Ω—å –ø—Ä–æ–∂–∏–ª(–∞) –Ω–µ–ø—Ä–∞–≤–∏–ª—å–Ω–æ!üò±ü§£

#–î–µ—Ç–∏@pn6"
14,#–†–∞–±–æ—Ç–∞@pn6
15,"–ú–æ—è –∫–æ—à–∫–∞ –æ–±–æ–∂–∞–µ—Ç —Ç—É—Å–∏—Ç—å —Å–æ –º–Ω–æ–π, –∫–æ–≥–¥–∞ —è –ø—Ä–∏–Ω–∏–º–∞—é –≤–∞–Ω–Ω—É. –ü—Ä–æ—Å—Ç–æ –ø—Ä–æ—Ü–µ—Å—Å –ø—Ä–∏–Ω—è—Ç–∏—è –≤–∞–Ω–Ω—ã —É –º–µ–Ω—è –≤—Å–µ–≥–¥–∞ –∑–∞–Ω–∏–º–∞–µ—Ç –Ω–µ –º–µ–Ω—å—à–µ —á–∞—Å–∞, –∏ –º–æ—è –∫–æ—à–∫–∞ —Å–Ω–∞—á–∞–ª–∞ —É—Å–µ—Ä–¥–Ω–æ —à–∫—Ä–µ–±—ë—Ç—Å—è –≤ –¥–≤–µ—Ä—å, –ø–æ–∫–∞ —è –µ–π –Ω–µ –æ—Ç–∫—Ä–æ—é, –∑–∞—Ö–æ–¥–∏—Ç, –∏ –ª–µ–∂–∏—Ç –≤–º–µ—Å—Ç–µ —Å –º–Ω–æ–π, –∫–æ–Ω—Ç—Ä–æ–ª–∏—Ä—É–µ—Ç) –í –æ–¥–∏–Ω –º–æ–º–µ–Ω—Ç —è –ø—Ä–æ—Å—Ç–æ –ø–µ—Ä–µ—Å—Ç–∞–ª–∞ –∑–∞–∫—Ä—ã–≤–∞—Ç—å –¥–≤–µ—Ä—å –≤ –≤–∞–Ω–Ω—É—é, –∫–æ–≥–¥–∞ –∫—É–ø–∞—é—Å—å, —á—Ç–æ–± –∫–æ—à–∫–∞ –º–æ–≥–ª–∞ —Å–≤–æ–±–æ–¥–Ω–æ –∑–∞—Ö–æ–¥–∏—Ç—å –∏ –≤—ã—Ö–æ–¥–∏—Ç—å. –û–Ω–∞ –ø—Ä–æ–∂–∏–ª–∞ —Å–æ –º–Ω–æ–π 10 –ª–µ—Ç. –£–º–µ—Ä–ª–∞ 1,5 –º–µ—Å—è—Ü–∞ –Ω–∞–∑–∞–¥. –ò –≤—Å–µ —ç—Ç–∏ 1,5 –º–µ—Å—è—Ü–∞ —è –Ω–∞ –∞–≤—Ç–æ–º–∞—Ç–µ –∫–∞–∂–¥—ã–π —Ä–∞–∑, –∫–æ–≥–¥–∞ –∏–¥—É –∫—É–ø–∞—Ç—å—Å—è, –æ—Å—Ç–∞–≤–ª—è—é –¥–≤–µ—Ä—å –æ—Ç–∫—Ä—ã—Ç–æ–π‚Ä¶ –ó–Ω–∞—é, —á—Ç–æ —Å —ç—Ç–∏–º —Å–ø—Ä–∞–≤–∏—Ç—å—Å—è –ø–æ–º–æ–∂–µ—Ç —Ç–æ–ª—å–∫–æ –≤—Ä–µ–º—è. –ù–æ, —Å*–∫–∞, –∫–∞–∫ –∂–µ –¥–æ–ª–≥–æ —ç—Ç–æ –≤—Ä–µ–º—è –∏–¥–µ—Ç‚Ä¶üòî

#–ó–≤–µ—Ä–æ–ø–æ—Å—Ç@pn6"
16,"–¢–∞–∞–∞–∞–∫, –Ω—É –∏ –∫—Ç–æ –∂–µ –∑–∞–¥–æ–ª–∂–∞–ª —Ç–µ–±–µ –æ–±–Ω–∏–º–∞—à–∫–∏?üòëüòä

#–í–µ—Å–µ–ª—É—à–∫–∏@pn6"
17,"–°–∏–∂—É —É —Å–µ–±—è –≤ –∫–æ–º–Ω–∞—Ç–µ, —á–∏—Ç–∞—é, –∏ –≤–¥—Ä—É–≥ —Å–ª—ã—à—É, —à—É–º –∫–∞–∫–æ–π-—Ç–æ –¥–æ–Ω–æ—Å–∏—Ç—Å—è –∏–∑ –∫—É—Ö–Ω–∏‚Ä¶ –†–µ—à–∏–ª–∞ –ø–æ–π—Ç–∏ –ø—Ä–æ–≤–µ—Ä–∏—Ç—å. –ü–æ–¥—Ö–æ–∂—É, –Ω–∞ –∫—É—Ö–Ω–µ –æ—Å–Ω–æ–≤–Ω–æ–π —Å–≤–µ—Ç –Ω–µ –≤–∫–ª—é—á–µ–Ω, –Ω–æ –≤ –∫–æ–º–Ω–∞—Ç–µ –ø–µ—Ä–∏–æ–¥–∏—á–µ—Å–∫–∏ —Ç–æ —Å–≤–µ—Ç–ª–µ–µ—Ç, —Ç–æ —Ç–µ–º–Ω–µ–µ—Ç‚Ä¶ –ó–∞–≥–ª—è–¥—ã–≤–∞—é - –∞ —ç—Ç–æ –º–∞–ª—ã–π –æ—Ç–∫—Ä—ã–≤–∞–µ—Ç –∏ –∑–∞–∫—Ä—ã–≤–∞–µ—Ç –¥–≤–µ—Ä—å —Ö–æ–ª–æ–¥–∏–ª—å–Ω–∏–∫–∞ –∏ —Å–º–æ—Ç—Ä–∏—Ç, –∫–∞–∫ –≤ –Ω–µ–º –ª–∞–º–ø–æ—á–∫–∞ —Ç—É—Ö–Ω–µ—Ç‚Ä¶ –≠—Ö—Ö, —Ç–∞–∫–∞—è –Ω–æ—Å—Ç–∞–ª—å–≥–∏—è –ø–æ –¥–µ—Ç—Å—Ç–≤—É —Å—Ä–∞–∑—É –ø—Ä–æ–±–∏–ª–∞, —è –∂ —Ç–æ–∂–µ —Ç–∞–∫ –¥–µ–ª–∞–ª–∞!)) –õ–∞–π–∫, –µ—Å–ª–∏ –≤ –¥–µ—Ç—Å—Ç–≤–µ —Ç–æ–∂–µ –≤—Å—è–∫—É—é —Ñ–∏–≥–Ω—é –¥–µ–ª–∞–ª–∏üòÖ

#–î–µ—Ç—Å—Ç–≤–æ@pn6"
18,#–°—É–¥—å–±–∞@pn6
19,"–°–∏–∂—É –Ω–∞ –ø–∞—Ä–µ, —Å–æ—Å–µ–¥ –ø–∏—à–µ—Ç —Å–ø–∏—Å–æ–∫ –¥–µ–ª‚Ä¶ –ü–∞—Ä–∞ –±—ã–ª–∞ –Ω–∞—Å—Ç–æ–ª—å–∫–æ —Å–∫—É—á–Ω–∞—è, —á—Ç–æ —è —Ä–µ—à–∏–ª –º–æ–∫–Ω—É—Ç—å—Å—è –≤ —á—É–∂—É—é –∂–∏–∑–Ω—å, –∏ –ø–æ–¥–≥–ª—è–¥–µ—Ç—å, —á–µ–º –∂–µ –ª—é–¥–∏ –∑–∞–Ω–∏–º–∞—é—Ç—Å—è –≤ –∂–∏–∑–Ω–∏. –°–ø–∏—Å–æ–∫ –¥–µ–ª, –∑–Ω–∞—á–∏—Ç: –ø–æ—Å—á–∏—Ç–∞—Ç—å, —Å–∫–æ–ª—å–∫–æ –≥–æ–ª—É–±–µ–π –ø—Ä–æ–ª–µ—Ç–∞–µ—Ç –º–∏–º–æ –∑–∞ 14 –º–∏–Ω—É—Ç 14 —Å–µ–∫—É–Ω–¥; –Ω–∞—É—á–∏—Ç—å—Å—è —Ö—Ä—É—Å—Ç–µ—Ç—å –∫–æ–ª–µ–Ω–∫–∞–º–∏ –º–µ–ª–æ–¥–∏—é –∏–∑ –®—Ä–µ–∫–∞; —Å—Ç–æ—è—Ç—å –ø–æ–¥ –¥—É—à–µ–º –∏ –Ω–µ –Ω–∞—á–∏–Ω–∞—Ç—å –º—ã—Ç—å—Å—è, –ø–æ–∫–∞ –∫—Ç–æ-–Ω–∏–±—É–¥—å –Ω–µ –∫—Ä–∏–∫–Ω–µ—Ç ""–ù—É —Ç—ã —Å–∫–æ—Ä–æ —Ç–∞–º""; –ø–æ–µ—Å—Ç—å... –ò–Ω—Ç–µ—Ä–µ—Å–Ω–æ, —ç—Ç–æ –≤—Å–µ –ª—é–¥–∏ —Ç–∞–∫ —Å–ø–∏—Å–∫–∏ –¥–µ–ª –ø–∏—à—É—Ç, –∏–ª–∏ –º–Ω–µ –ø—Ä–æ—Å—Ç–æ –±–µ–∑—É–º–µ—Ü –ø–æ–ø–∞–ª—Å—è? –Ø –∂ —Ç–µ–ø–µ—Ä—å –Ω–µ —É—Å–Ω—É, –ø–æ–∫–∞ –Ω–µ —É–∑–Ω–∞—éüòÑ

#–£–Ω–∏–≤–µ—Ä@pn6"
20,"–£ –º–æ–µ–π –¥–µ–≤—É—à–∫–∏ –ø–æ—è–≤–∏–ª–∞—Å—å –Ω–∞–≤—è–∑—á–∏–≤–∞—è –∏–¥–µ—è - –Ω–∞—É—á–∏—Ç—å—Å—è —Ä–∏—Å–æ–≤–∞—Ç—å –Ω–∞ –ø–µ–Ω–∫–µ –≤ –∫–∞–ø—É—á–∏–Ω–æ. –ù–∞—á–∞—Ç—å —Ä–µ—à–∏–ª–∞ —Å –ª–µ–≥–∫–æ–≥–æ - —Å —Å–µ—Ä–¥–µ—á–µ–∫. –ò –≤–æ—Ç –∫–∞–∂–¥–æ–µ —É—Ç—Ä–æ —É –º–µ–Ω—è —Ç–µ–ø–µ—Ä—å –Ω–∞—á–∏–Ω–∞–µ—Ç—Å—è —Å‚Ä¶ –ñ–æ–ø!) –ò–Ω–æ–≥–¥–∞ –µ—â–µ —Å —á–ª–µ–Ω–æ–≤!)) –ü—Ä–µ–¥–ª–æ–∂–∏–ª –Ω–µ –ø–µ—Ä–µ—É—á–∏–≤–∞—Ç—å—Å—è –∏ –æ—Ç–∫—Ä—ã—Ç—å —Å–≤–æ—é –∫–æ—Ñ–µ–π–Ω—é, –≥–¥–µ –æ–Ω–∞ –±—É–¥–µ—Ç –¥–µ–ª–∞—Ç—å –ª—é–¥—è–º –±–æ–¥—Ä—è—â–∏–π –∫–æ—Ñ–µ —Å —É—Ç—Ä–∞ —Å –∂–æ–ø–∫–∞–º–∏!) –ü–æ –º–æ–µ–º—É, –∏–¥–µ–π–∫–∞ –Ω–∏—á–µ–≥–æ —Ç–∞–∫üòÖ–ê –≤—ã —á—Ç–æ —Å–∫–∞–∂–µ—Ç–µ?))
‚ù§2–∫ –ª–∞–π–∫–æ–≤ - –Ω–∞–¥–æ –Ω–∞—É—á–∏—Ç—å—Å—è –¥–µ–ª–∞—Ç—å —Å–µ—Ä–¥–µ—á–∫–∏!
‚ù§3–∫ –∏ –±–æ–ª—å—à–µ –ª–∞–π–∫–æ–≤ - –∂–æ–ø—ã - –Ω–∞—à–µ –≤—Å—ë! –ø—É—Å—Ç—å –ø—Ä–æ–¥–æ–ª–∂–∞–µ—Ç!ü§£

#–£—Å–ø–µ—Ö@pn6"
21,"–ù–∞—à –∫–æ—Ç –æ–±–æ–∂–∞–ª —Å–ª—É—à–∞—Ç—å, –∫–∞–∫ –ø–∞–ø–∞ –∏–≥—Ä–∞–µ—Ç –Ω–∞ –ø–∏–∞–Ω–∏–Ω–æ, –≤—Å–µ–≥–¥–∞ –ø—Ä–∏—Ö–æ–¥–∏–ª, –ª–æ–∂–∏–ª—Å—è —Ä—è–¥—ã—à–∫–æ–º –∏ –≤–Ω–∏–º–∞—Ç–µ–ª—å–Ω–æ —Å–ª—É—à–∞–ª, –ø–æ–∫–∞ –ø–∞–ø–∞ –Ω–µ –∑–∞–∫–æ–Ω—á–∏—Ç. –ò–Ω–æ–≥–¥–∞ –¥–∞–∂–µ –æ–Ω –ø—Ä–∏—Ö–æ–¥–∏–ª –∫ –ø–∏–∞–Ω–∏–Ω–æ –∏ ""–∑–≤–∞–ª"" –ø–∞–ø—É. –ù–∞ –¥–Ω—è—Ö –ø–∞–ø—ã –Ω–µ —Å—Ç–∞–ª–æ‚Ä¶ –ê —Å–µ–≥–æ–¥–Ω—è –ù–∏–∫—Å (–∫–æ—Ç) —Å–µ–ª —É –ø–∏–∞–Ω–∏–Ω–æ, –∏ –Ω–∞—á–∞–ª –µ–≥–æ —Å–Ω–æ–≤–∞ ""–∑–≤–∞—Ç—å""‚Ä¶ –ù–µ—Ç, –ù–∏–∫—Å, –ø–∞–ø–∞ —É–∂–µ –Ω–µ –ø—Ä–∏–¥–µ—Ç‚Ä¶üòî

#–ü–µ—á–∞–ª—å@pn6"
22,
23,"–ú–æ—è –¥–µ–≤—É—à–∫–∞ –ø–æ–¥—Ö–æ–¥–∏—Ç –∫–æ –º–Ω–µ —Å–µ–≥–æ–¥–Ω—è –∏ –≥–æ–≤–æ—Ä–∏—Ç, –º–æ–ª, —Ñ–æ–∫—É—Å—É –Ω–∞—É—á–∏–ª–∞—Å—å –æ–¥–Ω–æ–º—É, –Ω–æ –¥–ª—è –Ω–µ–≥–æ –Ω—É–∂–Ω–æ —Ö–æ—Ç—è –±—ã 200 —Ä—É–±–ª–µ–π! –í–∑—è–ª –¥–µ–Ω—å–≥–∏, –≥–æ–≤–æ—Ä—é: ""–ù—É, –ø–æ–∫–∞–∑—ã–≤–∞–π"". –û–Ω–∞ –≥–æ–≤–æ—Ä–∏—Ç: ""–í–æ—Ç, —ç—Ç–æ —á—É–¥–æ-–º–µ—à–æ–∫! –ö–ª–∞–¥–µ—à—å —Ç—É–¥–∞ –¥–µ–Ω—å–≥–∏, –∏ –æ–Ω–∏ —á—É–¥–æ–º –∏—Å—á–µ–∑–∞—é—Ç! –ö–ª–∞–¥–∏!"". –Ø –∑–∞—Å–æ–≤—ã–≤–∞—é –≤ –º–µ—à–æ–∫ –¥–µ–Ω—å–≥–∏, –¥–µ–≤—É—à–∫–∞ –≥–æ–≤–æ—Ä–∏—Ç: ""–ê —Ç–µ–ø–µ—Ä—å –∑–∞–∫—Ä–æ–π –≥–ª–∞–∑–∞ –∏ –¥–æ—Å—á–∏—Ç–∞–π –¥–æ —Ç—Ä–µ—Ö"". –ó–∞–∫—Ä—ã–≤–∞—é, —Å—á–∏—Ç–∞—é, –æ—Ç–∫—Ä—ã–≤–∞—é, –∞ —ç—Ç–∞ –¥—É—Ä—ã–Ω–¥–∞ —É–±–µ–∂–∞–ª–∞ —Å –º–æ–∏–º–∏ –¥–µ–Ω—å–≥–∞–º–∏ –∏ –º–µ—à–∫–æ–º‚Ä¶ –ù—É, –∏ –≤–ø—Ä–∞–≤–¥—É, —á—É–¥–æ–º –∏—Å—á–µ–∑–ª–∏ü§∑‚Äç‚ôÇüòÖ

#–≠–∫—Å–ø–æ–Ω–∞—Ç@pn6"
24,"–ë—Ä–∞—Ç –ø–æ–ø—Ä–æ—Å–∏–ª –º–æ–π –Ω–æ—É—Ç, –ø–æ—Ç–æ–º—É —á—Ç–æ —Å–≤–æ–π —Å–¥–∞–ª –≤ —Ä–µ–º–æ–Ω—Ç. –ù–æ –Ω–∞ —Å–ª–µ–¥—É—é—â–∏–π –¥–µ–Ω—å —è –æ–±–Ω–∞—Ä—É–∂–∏–ª–∞, —á—Ç–æ –±—Ä–∞–ª –Ω–µ –≤—ã—à–µ–ª –∏–∑ —Å–≤–æ–∏—Ö —Å–æ—Ü–∏–∞–ª—å–Ω—ã—Ö —Å–µ—Ç–µ–π. –Ø –∏ –Ω–µ –∏—Å–∫–∞–ª–∞, —è –ø—Ä–æ—Å—Ç–æ –æ—Ç–∫—Ä—ã–ª–∞ –Ω–æ—É—Ç, –∏ –º–Ω–µ –Ω–∞—á–∞–ª–æ –ø—Ä–∏—Ö–æ–¥–∏—Ç—å –∫—É—á–∞ —É–≤–µ–¥–æ–º–ª–µ–Ω–∏–π —Ç–∏–ø–∞ ""–ì–¥–µ —Ç—ã –ø—Ä–æ–ø–∞–ª?"", ""–ü–æ—á–µ–º—É –Ω–µ –æ—Ç–≤–µ—á–∞–µ—à—å?"" –∏ –ø—Ä. –ö–∞—é—Å—å, –ª—é–±–æ–ø—ã—Ç—Å—Ç–≤–æ –º–µ–Ω—è –æ–¥–æ–ª–µ–ª–æ, –∏ —è –æ—Ç–∫—Ä—ã–ª–∞ –¥–∏–∞–ª–æ–≥. –í –ø–æ—Å–ª–µ–¥–Ω–µ–º –¥–∏–∞–ª–æ–≥–µ –¥–µ–≤—É—à–∫–∞ —Å–ø—Ä–æ—Å–∏–ª–∞: ""–ê –ø–æ—á–µ–º—É —Ç—ã –ø–∏—à–µ—à—å –∏–º–µ–Ω–Ω–æ –º–Ω–µ?"". –û–Ω –æ—Ç–≤–µ—Ç–∏–ª: ""–ü–æ—Ç–æ–º—É —á—Ç–æ —Ç—ã –Ω–µ —Ç–∞–∫–∞—è, –∫–∞–∫ –≤—Å–µ, —Ç—ã –æ—Å–æ–±–µ–Ω–Ω–∞—è."", –Ω—É –∏ –¥–µ–≤—É—à–∫–∞ —Ç–∞–º —Ä–∞—Å—Ç–µ–∫–ª–∞—Å—å, –ø–æ–Ω—è—Ç–Ω–æ–µ –¥–µ–ª–æ. –ù–æ, –ø—Ä–∏–∫–æ–ª –Ω–µ –≤ —ç—Ç–æ–º, —Ä–µ–±—è—Ç. 13! –û–Ω 13—Ç–∏ –¥–µ–≤—É—à–∫–∞–º –Ω–∞–ø–∏—Å–∞–ª —Ç–æ –∂–µ —Å–∞–º–æ–µ! –ß—Ç–æ ""—Ç—ã –æ—Å–æ–±–µ–Ω–Ω–∞—è""! –ò –¥–µ–≤—É—à–∫–∏ –≤–µ–¥—É—Ç—Å—è, –¥—É–º–∞—è, —á—Ç–æ –æ–Ω–∞ ""–µ–¥–∏–Ω—Å—Ç–≤–µ–Ω–Ω–∞—è"". –ò–∑ –∂–µ–Ω—Å–∫–æ–π —Å–æ–ª–∏–¥–∞—Ä–Ω–æ—Å—Ç–∏ —è –Ω–µ –º–æ–≥–ª–∞ —ç—Ç–æ –ø—Ä–æ—Å—Ç–æ —Ç–∞–∫ –æ—Å—Ç–∞–≤–∏—Ç—å. –∑–∞—Å–∫—Ä–∏–Ω–∏–ª–∞ –¥–∏–∞–ª–æ–≥–∏, –∏ –ø–æ–ø–µ—Ä–µ—Å—ã–ª–∞–ª–∞ –¥–µ–≤—É—à–∫–∞–º –≤ –ª–∏—á–∫–∏. –û—Ö, –±—Ä–∞—Ç—É –¥–æ —Å–∏—Ö –ø–æ—Ä –¥–æ—Å—Ç–∞—ë—Ç—Å—è –æ—Ç —ç—Ç–∏—Ö –¥–µ–≤–∏—Ü! –ò –º–Ω–µ –µ–≥–æ –Ω–∏ –∫–∞–ø–ª–∏ –Ω–µ –∂–∞–ª–∫–æ, –∏–±–æ –Ω–µ—Ö! –ù—É, –∞ –º–Ω–µ –ø–µ—Ä–∏–æ–¥–∏—á–µ—Å–∫–∏ –±–ª–∞–≥–æ–¥–∞—Ä–æ—á–∫–∏ –æ—Ç –¥–µ–≤—É—à–µ–∫ –ø—Ä–∏–ª–µ—Ç–∞—é—ÇüòÖ

#–ú—É–∂–∏–∫–∏@pn6"
25,"–ú–æ—è –∑–Ω–∞–∫–æ–º–∞—è —Å—á–∏—Ç–∞–µ—Ç, —á—Ç–æ –ø—Ä–æ—Å—Ä–æ—á–µ–Ω–Ω—ã–µ –ø—Ä–æ–¥—É–∫—Ç—ã –ø–æ–ª–µ–∑–Ω—ã –¥–ª—è –∑–¥–æ—Ä–æ–≤—å—è, –ø–æ—Ç–æ–º—É —á—Ç–æ –æ—á–∏—â–∞—é—Ç –∫–∏—à–µ—á–Ω–∏–∫. –û–¥–Ω–∞–∂–¥—ã —Å–ø–æ—Ä–∏–ª–∏ –Ω–∞ —ç—Ç—É —Ç–µ–º—É, –≤—ã—è—Å–Ω–∏–ª–æ—Å—å, —á—Ç–æ –æ–Ω–∞ —Å—á–∏—Ç–∞–µ—Ç –ø—Ä–æ—Å—Ä–æ—á–µ–Ω–Ω—ã–º –í–°–Å, —á—Ç–æ –ø—Ä–æ–¥–∞–µ—Ç—Å—è –≤ –º–∞–≥–∞–∑–∏–Ω–µ, –ø–æ—Ç–æ–º—É —á—Ç–æ –∫–∞–∂–¥—ã–π –¥–µ–Ω—å –º—ã –≤–∏–¥–∏–º –Ω–∞ –ø–æ–ª–∫–∞—Ö –ø—Ä–∏–º–µ—Ä–Ω–æ –æ–¥–Ω–æ –∏ —Ç–æ –∂–µ. –Ø –ø—ã—Ç–∞–ª–∞—Å—å –æ–±—ä—è—Å–Ω–∏—Ç—å –µ–π: –ª—é–¥–∏ –±–µ—Ä—É—Ç —Ç–æ–≤–∞—Ä —Å –ø–æ–ª–æ–∫ –∏ –Ω–µ—Å—É—Ç –Ω–∞ –∫–∞—Å—Å—É, –ø–æ–ª–∫–∏ –ø—É—Å—Ç–µ—é—Ç, –ø—Ä–æ–¥–∞–≤—Ü—ã –≤—ã–∫–ª–∞–¥—ã–≤–∞—é—Ç –Ω–∞ –Ω–∏—Ö –Ω–æ–≤—ã–µ –ø—Ä–æ–¥—É–∫—Ç—ã, –∫–æ—Ç–æ—Ä—ã–µ –ø—Ä–∏–≤–æ–∑—è—Ç—Å—è –Ω–µ—Å–∫–æ–ª—å–∫–æ —Ä–∞–∑ –≤ –Ω–µ–¥–µ–ª—é. –¢–µ—Ç–∫–∞ 70-—Ç–∏ –ª–µ—Ç –º–Ω–µ –Ω–µ –ø–æ–≤–µ—Ä–∏–ª–∞, –ø–æ—Ç–æ–º—É —á—Ç–æ ""—Å–∫–æ–ª—å–∫–æ –Ω–∏ –∑–∞—Ö–æ–¥–∏—à—å –≤ –º–∞–≥–∞–∑–∏–Ω, –∞ —Å–º–µ—Ç–∞–Ω–∞ –≤—Å–µ–≥–¥–∞ –Ω–∞ –æ–¥–Ω–æ–º –∏ —Ç–æ–º –∂–µ –º–µ—Å—Ç–µ —Å—Ç–æ–∏—Ç"". –ù—É —á—Ç–æ –∂–µ, –≤–∏–¥–∏–º–æ, —Å–≤–µ–∂–∏–µ –ø—Ä–æ–¥—É–∫—Ç—ã –±—ã–ª–∏ –¥–ª—è –Ω–µ–µ —Ç–æ–ª—å–∫–æ –≤ —ç–ø–æ—Ö—É —Å–æ–≤–µ—Ç—Å–∫–æ–≥–æ –¥–µ—Ñ–∏—Ü–∏—Ç–∞.

#–≠–∫—Å–ø–æ–Ω–∞—Ç@pn6"
26,"‚ú® üí¶ –°–∏–¥–∏—à—å –∏ –≥—Ä—É—Å—Ç–∏—à—å, –ø–æ–∫–∞ –æ—Å—Ç–∞–ª—å–Ω—ã–µ –≤–ª—é–±–ª—è—é—Ç—Å—è –∏ –æ–±–Ω–∏–º–∞—é—Ç—Å—è? –ë–µ—Å—è—Ç —ç—Ç–∏ –¥–æ–≤–æ–ª—å–Ω—ã–µ –∏ —Å—á–∞—Å—Ç–ª–∏–≤—ã–µ –Ω–µ–æ–¥–∏–Ω–æ–∫–∏–µ –ª–∏—Ü–∞? –•–≤–∞—Ç–∏—Ç –∑–ª–∏—Ç—å—Å—è, –ø–æ—Ä–∞ –ø—Ä–∏—Å–æ–µ–¥–∏–Ω–∏—Ç—å—Å—è! –ú–Ω–æ–≥–∏–µ –ø–∞–ª–∞—Ç–æ–≤—Ü—ã –Ω–∞—à–ª–∏ —Å–≤–æ—é –ª—é–±–æ–≤—å, —É—á–∞—Å—Ç–≤—É—è –≤ —Ñ–ª–µ—à–º–æ–±–∞—Ö, –ø—Ä–∏—à–µ–ª –∏ —Ç–≤–æ–π —á–µ—Ä–µ–¥!üíò 
 
üéØ –ß—Ç–æ –¥–µ–ª–∞—Ç—å? 
 
1) –ü—Ä–æ–≥–æ–ª–æ—Å–æ–≤–∞—Ç—å –∑–∞ —Å–≤–æ–π –≤–æ–∑—Ä–∞—Å—Ç üìù 
2) –í—ã–±—Ä–∞—Ç—å –∫–∞–∫ –º–æ–∂–Ω–æ –±–æ–ª—å—à–µ –ª—é–¥–µ–π –∏ –Ω–∞—á–∞—Ç—å –¥–∏–∞–ª–æ–≥ —Å —Ñ—Ä–∞–∑—ã: ""–ù–µ –±–æ–π—Å—è –ª—é–±–∏—Ç—å! –ü–æ–∫–∞–∂–µ–º —ç—Ç–æ–º—É –º–∏—Ä—É, —á—Ç–æ —Ç–∞–∫–æ–µ –Ω–∞—Å—Ç–æ—è—â–∏–µ‚Ä¶"" 
3) –û—Ä–∏–≥–∏–Ω–∞–ª—å–Ω–æ –∑–∞–∫–æ–Ω—á–∏—Ç—å —Ç—É —Å–∞–º—É—é —Ñ—Ä–∞–∑—É üòÉ 
4) –í–µ—Å–µ–ª–æ –∏ –º–∏–ª–æ –æ–±—â–∞—Ç—å—Å—è, –Ω–∞–π—Ç–∏ —á–µ–ª–æ–≤–µ–∫–∞, —Å –∫–æ—Ç–æ—Ä—ã–º –±—É–¥–µ—Ç —Ö–æ—Ä–æ—à–æ –≤—Å—Ç—Ä–µ—á–∞—Ç—å –∫–∞–∂–¥—ã–π –¥–µ–Ω—å! 
5) –ü—Ä–∏—Å—ã–ª–∞—Ç—å –∫—Ä—É—Ç—ã–µ —Å–∫—Ä–∏–Ω—ã –∏ –≤–µ—Å–µ–ª—ã–µ –ø–µ—Ä–µ–ø–∏—Å–∫–∏, –≤–µ–¥—å —Å–∞–º—ã–µ –∫—Ä—É—Ç—ã–µ –æ–±—è–∑–∞—Ç–µ–ª—å–Ω–æ –ø–æ–ø–∞–¥—É—Ç –Ω–∞ —Å—Ç–µ–Ω—É üëçüèª 
 
‚ù§ –ù–µ –±–æ–π—Ç–µ—Å—å –∂–∏—Ç—å, –Ω–µ –±–æ–π—Ç–µ—Å—å –ª—é–±–∏—Ç—å, –≤—Å–µ –≤ –≤–∞—à–∏—Ö —Ä—É–∫–∞—Ö! –ù—É –∞ –µ—Å–ª–∏ –≤ —Ç–≤–æ–µ–π –∂–∏–∑–Ω–∏ —É–∂–µ –µ—Å—Ç—å –ª—é–±–æ–≤—å, —Ç—ã –º–æ–∂–µ—à—å –ø–æ–¥–µ–ª–∏—Ç—å—Å—è —Å–æ–≤–µ—Ç–æ–º –ø–æ –ø–æ–≤–æ–¥—É —Ö–æ—Ä–æ—à–µ–≥–æ –ø–æ–¥–∞—Ä–∫–∞ –∏–ª–∏ –∫—Ä—É—Ç–æ–≥–æ —Å–≤–∏–¥–∞–Ω–∏—è! –õ—é–±–∏—Ç–µ –¥—Ä—É–≥ –¥—Ä—É–≥–∞, –ü–∞–ª–∞—Ç–∞ —Å –≤–∞–º–∏! ‚ù§"
27,"–î–æ –∑–∞—â–∏—Ç—ã –¥–∏–ø–ª–æ–º–∞ –¥–≤–µ –Ω–µ–¥–µ–ª–∏, –Ω–µ—Ä–≤–Ω–∏—á–∞—é —É–∂–∞—Å–Ω–æ. –°–∏–¥–µ–ª–∞ –≤–µ—á–µ—Ä–æ–º, –ª–æ–ø–∞–ª–∞ –ø—É–ø—ã—Ä—á–∞—Ç—É—é –ø–ª—ë–Ω–∫—É –æ—Ç –∑–∞–∫–∞–∑–∞, —á—Ç–æ–±—ã —É—Å–ø–æ–∫–æ–∏—Ç—å—Å—è. –ú—É–∂ –¥–æ–ª–≥–æ –∫–æ—Å–∏–ª—Å—è, –Ω–æ –Ω–∏—á–µ–≥–æ –Ω–µ —Å–∫–∞–∑–∞–ª. –ß–µ—Ä–µ–∑ –ø–∞—Ä—É –¥–Ω–µ–π —ç—Ç–æ—Ç —á—É–¥–∏–∫ –ø—Ä–∏—Ç–∞—â–∏–ª –º–Ω–µ —Ü–µ–ª—ã–π —Ä—É–ª–æ–Ω –ø—É–ø—ã—Ä—á–∞—Ç–∫–∏! –ù–∞, –º–æ–ª, –ª—é–±–∏–º–∞—è, —Ä–∞–∑–≤–µ–π—Å—è. –û—Ö, –∏ –ø—Ä–∞–≤–∏–ª—å–Ω–æ —è –º—É–∂–∏–∫–∞ –≤—ã–±—Ä–∞–ª–∞.

#–°—á–∞—Å—Ç—å–µ@pn6"
28,#–≠–∫—Å–ø–æ–Ω–∞—Ç@pn6
29,"–í –¥–µ—Ç—Å—Ç–≤–µ —Å—Ç–∞—Ä—à–∏–π –±—Ä–∞—Ç —Ä–∞—Å—Å–∫–∞–∑–∞–ª, —á—Ç–æ –∫–∞–∂–¥—ã–π —á–µ–ª–æ–≤–µ–∫ –¥–æ–ª–∂–µ–Ω —É–º–µ—Ç—å –º–æ–ª–∏—Ç—å—Å—è, –ø–æ—Ç–æ–º—É —á—Ç–æ —ç—Ç–æ –æ—á–µ–Ω—å –ø–æ–º–æ–∂–µ—Ç –≤ –∂–∏–∑–Ω–∏. –û–Ω –∂–µ —Ä–∞—Å—Å–∫–∞–∑–∞–ª –º–Ω–µ –º–æ–ª–∏—Ç–≤—É, –∫–æ—Ç–æ—Ä—É—é —è –≤—ã—É—á–∏–ª –∏ –æ–¥–Ω–∞–∂–¥—ã –ø—Ä–æ—á–∏—Ç–∞–ª –∑–∞ —Å—Ç–æ–ª–æ–º, –≥–¥–µ —Å–æ–±—Ä–∞–ª–∞—Å—å –≤—Å—è —Ä–æ–¥–Ω—è. –û—Ç–∫—É–¥–∞ –º–Ω–µ –±—ã–ª–æ –∑–Ω–∞—Ç—å, —á—Ç–æ —á–∞—Å—Ç—É—à–∫–∏ –°–µ–∫—Ç–æ—Ä–∞ –ì–∞–∑–∞ —ç—Ç–æ –Ω–∏–∫–∞–∫–∞—è –Ω–µ –º–æ–ª–∏—Ç–≤–∞( 

3–∫ ‚ù§ - –ë–∏—Ç–ª–∑ –ø–æ–ø—É–ª—è—Ä–Ω–µ–π, —á–µ–º –ò–∏—Å—É—Å.
5–∫ ‚ù§ - –Æ—Ä–∞ –•–æ–π –ø–æ–ø—É–ª—è—Ä–Ω–µ–π, —á–µ–º –ò–∏—Å—É—Å. 

#–î–µ—Ç—Å—Ç–≤–æ@pn6"
30,"–ö–≤–∞—Ä—Ç–∏—Ä–∞ —Å —á–∏—Å—Ç–æ–≤–æ–π –æ—Ç–¥–µ–ª–∫–æ–π –≤ –ñ–ö ¬´–§–æ—Ä—Ç–µ—Ü–∏—è¬ª —Å –ø–µ—Ä–≤—ã–º –≤–∑–Ω–æ—Å–æ–º 300 000 —Ä—É–±! 

üìç –ñ–∏–∑–Ω—å –Ω–∞ –ø–æ–±–µ—Ä–µ–∂—å–µ
üìç –ü—Ä–µ–∫—Ä–∞—Å–Ω—ã–µ –≤–∏–¥—ã
üìç –î–≤–æ—Ä—ã —Å–≤–æ–±–æ–¥–Ω—ã–µ –æ—Ç –º–∞—à–∏–Ω

–ñ–∏–ª–æ–π –∫–æ–º–ø–ª–µ–∫—Å —Å—Ç—Ä–æ–∏—Ç—Å—è –≤ —Ç–∏—Ö–æ–º –∏ –∂–∏–≤–æ–ø–∏—Å–Ω–æ–º —Ä–∞–π–æ–Ω–µ –ö—Ä–æ–Ω—à—Ç–∞–¥—Ç–∞, –≤–¥–æ–ª—å –≤–æ—Å—Ç–æ—á–Ω–æ–≥–æ –º—ã—Å–∞ –æ—Å—Ç—Ä–æ–≤–∞ –ö–æ—Ç–ª–∏–Ω. –ù–∞–ø—Ä–æ—Ç–∏–≤ –¥–æ–º–∞ ‚Äì –≥–æ—Ä–æ–¥—Å–∫–æ–π –ø–ª—è–∂, —Å—Ç–∞–¥–∏–æ–Ω –∏ —Å–ø–æ—Ä—Ç–∏–≤–Ω—ã–µ –ø–ª–æ—â–∞–¥–∫–∏. –ù–µ–ø–æ–¥–∞–ª–µ–∫—É —Ä–∞—Å–ø–æ–ª–æ–∂–∏–ª–∏—Å—å —à–∫–æ–ª–∞ –∏ –¥–µ—Ç—Å–∫–∏–π —Å–∞–¥.

–ï–∑–¥–∏—Ç—å –∑–∞ –ø—Ä–æ–¥—É–∫—Ç–∞–º–∏ –∏ —É—Å–ª—É–≥–∞–º–∏ —Ç–∞–∫–∂–µ –Ω–µ –ø—Ä–∏–¥–µ—Ç—Å—è. –í—Å—è –Ω–µ–æ–±—Ö–æ–¥–∏–º–∞—è –∏–Ω—Ñ—Ä–∞—Å—Ç—Ä—É–∫—Ç—É—Ä–∞ –±—É–¥–µ—Ç —Ä–∞—Å–ø–æ–ª–∞–≥–∞—Ç—å—Å—è –Ω–∞ –ø–µ—Ä–≤—ã—Ö —ç—Ç–∞–∂–∞—Ö ¬´–§–æ—Ä—Ç–µ—Ü–∏–∏¬ª: –ø—Ä–µ–¥—É—Å–º–æ—Ç—Ä–µ–Ω—ã –ø–æ–º–µ—â–µ–Ω–∏—è –¥–ª—è —Ñ–∏—Ç–Ω–µ—Å-–∫–ª—É–±–∞, –°–ü–ê-—Ü–µ–Ω—Ç—Ä–∞, –º–∞–≥–∞–∑–∏–Ω–æ–≤, –∫–∞—Ñ–µ.

–£–∑–Ω–∞–π—Ç–µ –ø–æ–¥—Ä–æ–±–Ω–æ—Å—Ç–∏ ‚õµ: www.spbrealty.ru/buildings/fortetsiya-zhizn-na-poberezhe?utm_source=vk.com&utm_medium=post&utm_content=fortetsiya_december&utm_campaign=pn6"
31,"–ú–æ–π –¥–µ–¥—É—à–∫–∞ –≤ –º–æ–ª–æ–¥–æ—Å—Ç–∏ –∑–∞–Ω–∏–º–∞–ª—Å—è –≥–ª—É–ø–æ—Å—Ç—è–º–∏, –±—ã–≤–∞–ª –≤ —Ç—é—Ä—å–º–µ. –í 1961 –≥–æ–¥—É, –∫–æ–≥–¥–∞ —Å—Ç–∞–ª–æ –∏–∑–≤–µ—Å—Ç–Ω–æ, —á—Ç–æ –ø–µ—Ä–≤—ã–º —á–µ–ª–æ–≤–µ–∫–æ–º –≤ –∫–æ—Å–º–æ—Å–µ —Å—Ç–∞–ª —á–µ–ª–æ–≤–µ–∫ —Å —Ñ–∞–º–∏–ª–∏–µ–π –ì–∞–≥–∞—Ä–∏–Ω, –¥–µ–¥—É—à–∫–∞ —Ä–∞–∑ –∏ –Ω–∞–≤—Å–µ–≥–¥–∞ –∏–∑–º–µ–Ω–∏–ª—Å—è. –£—Å—Ç—Ä–æ–∏–ª—Å—è –Ω–∞ –º–µ—Ç–∞–ª–ª—É—Ä–≥–∏—á–µ—Å–∫–æ–µ –ø—Ä–æ–∏–∑–≤–æ–¥—Å—Ç–≤–æ, –∂–µ–Ω–∏–ª—Å—è –Ω–∞ —à–∫–æ–ª—å–Ω–æ–π —É—á–∏—Ç–µ–ª—å–Ω–∏—Ü–µ, –∑–∞–≤—ë–ª –¥–µ—Ç–µ–π. –ê –≤—Å—ë –ø–æ—Ç–æ–º—É, —á—Ç–æ –æ–Ω —Ç–æ–∂–µ –ì–∞–≥–∞—Ä–∏–Ω, –∏ –µ–º—É –±—ã–ª–æ —Å—Ç—ã–¥–Ω–æ –ø–æ–∑–æ—Ä–∏—Ç—å —Ç–∞–∫—É—é —Ñ–∞–º–∏–ª–∏—é. 

#–°–µ–º—å—è@pn6"
32,#–ú–∞–º–∞@pn6
33,"–°–Ω–∏–º–∞—é –∫–æ–º–Ω–∞—Ç—É —É –±–∞–±—É–ª–∏, –∫–æ—Ç–æ—Ä–æ–π –Ω–∞ –¥–Ω—è—Ö –∏—Å–ø–æ–ª–Ω–∏–ª–æ—Å—å 65. –ù–∞ –¥–Ω–µ —Ä–æ–∂–¥–µ–Ω–∏—è –±—ã–ª–∞ —è, –∏–º–µ–Ω–∏–Ω–Ω–∏—Ü–∞ –∏ —Ç—Ä–æ–µ –ø–∞—Ä–Ω–µ–π –æ—Ç –¥–≤–∞–¥—Ü–∞—Ç–∏ –¥–æ —Ç—Ä–∏–¥—Ü–∞—Ç–∏ –ª–µ—Ç. –í—Å–µ—Ö —ç—Ç–∏—Ö –ø–∞—Ä–Ω–µ–π —è —É–∂–µ –≤–∏–¥–µ–ª–∞ —Ä–∞–Ω—å—à–µ. –û–Ω–∏ –ø–æ –æ—á–µ—Ä–µ–¥–∏ –ø—Ä–∏—Ö–æ–¥—è—Ç –∫ –Ω–µ–π –ø–æ –±—É–¥–Ω—è–º –¥–ª—è –æ–ø—Ä–µ–¥–µ–ª–µ–Ω–Ω—ã—Ö —Ü–µ–ª–µ–π...–ö–æ–≥–¥–∞ —Ç–∞–∫–æ–µ —Å–ª—É—á–∞–µ—Ç—Å—è, —è –Ω–∞–¥–µ–≤–∞—é –Ω–∞—É—à–Ω–∏–∫–∏, —á—Ç–æ–±—ã –Ω–µ —Å–ª—ã—à–∞—Ç—å —ç—Ç–æ–≥–æ. –û—á–µ–Ω—å-–æ—á–µ–Ω—å –Ω–µ–ª–æ–≤–∫–æ...

#–°—Ç–∞—Ä–∏—á–∫–∏@pn6"
34,"–í –¥–µ—Ç—Å—Ç–≤–µ –ø–æ–ø–∞–ª –ø–æ–¥ –º–∞—à–∏–Ω—É, —Å–±–∏–ª–∏ –Ω–∞ –ø–µ—à–µ—Ö–æ–¥–Ω–æ–º –ø–µ—Ä–µ—Ö–æ–¥–µ –ø–æ –ø—É—Ç–∏ –≤ —à–∫–æ–ª—É. –õ–µ–∂–∞–ª, –∏—Å—Ç–µ–∫–∞—è –∫—Ä–æ–≤—å—é –∏ –≤ –±—Ä–µ–¥—É –ø—Ä–æ—Å–∏–ª –ø–æ–¥–±–µ–∂–∞–≤—à–∏—Ö –ø—Ä–æ—Ö–æ–∂–∏—Ö —Å–Ω—è—Ç—å —Å –º–µ–Ω—è –æ–ª–∏–º–ø–∏–π–∫—É, —á—Ç–æ–±—ã –æ–Ω–∞ –Ω–µ –∏—Å–ø–∞—á–∫–∞–ª–∞—Å—å –∫—Ä–æ–≤—å—é. –°–ø–æ—Ä—Ç–∏–≤–Ω—ã–π –∫–æ—Å—Ç—é–º –ø—Ä–∏—à–ª–æ—Å—å –≤—ã–∫–∏–Ω—É—Ç—å, –∏ —ç—Ç–æ –≤–æ–ª–Ω–æ–≤–∞–ª–æ –º–µ–Ω—è –∫—É–¥–∞ —Å–µ—Ä—å–µ–∑–Ω–µ–µ, —á–µ–º –ø–µ—Ä–µ–ª–æ–º –¥–≤—É—Ö —Ä—ë–±–µ—Ä, –∫–∏—Å—Ç–∏ –∏ –Ω–æ–≥–∏. –ú–æ—è –±–∞–±—É—à–∫–∞ —ç–∫–æ–Ω–æ–º–∏–ª–∞ –Ω–∞ —Å–µ–±–µ, —á—Ç–æ–±—ã –ø–æ–¥–∞—Ä–∏—Ç—å –º–Ω–µ —Ç–æ—Ç –∫–æ—Å—Ç—é–º :(

#–î–µ—Ç—Å—Ç–≤–æ@pn6"
35,#–°–Ω—ã@pn6
36,"–ü–∞—Ä—É –ª–µ—Ç –Ω–∞–∑–∞–¥ –æ–∫–∞–∑–∞–ª—Å—è –≤ –º–∞–∫—Å–∏–º–∞–ª—å–Ω–æ –¥–µ–±–∏–ª—å–Ω–æ–π —Å–∏—Ç—É–∞—Ü–∏–∏: –Ω–µ —Ö–≤–∞—Ç–∞–ª–æ —á–µ—Ç—ã—Ä—ë—Ö —Ä—É–±–ª–µ–π –Ω–∞ –º–∞—Ä—à—Ä—É—Ç–∫—É. –ü–µ—à–∫–æ–º –∏–¥—Ç–∏ –Ω–µ –≤–∞—Ä–∏–∞–Ω—Ç, –ø—Ä–æ—Ö–æ–∂–∏–µ –∏–≥–Ω–æ—Ä–∏—Ä—É—é—Ç. –û–±—Ä–∞—Ç–∏–ª—Å—è –∫ –±–µ–∑–¥–æ–º–Ω–æ–º—É, –∫–æ—Ç–æ—Ä—ã–π –ø—Ä–æ—Ö–æ–¥–∏–ª –º–∏–º–æ. –û–Ω –≤—ã—Ç–∞—â–∏–ª –∏–∑ –∫–∞—Ä–º–∞–Ω–∞ –≤—Å—ë, —á—Ç–æ —É –Ω–µ–≥–æ –±—ã–ª–æ - —Ä—É–±–ª–µ–π 20-30 - –∏ –¥–∞–ª –º–Ω–µ –ø—è—Ç—å —Ä—É–±–ª–µ–π. –ü–æ—Ç–æ–º —è –º–Ω–æ–≥–æ —Ä–∞–∑ —Ö–æ–¥–∏–ª –≤ —Ç–æ–º —Ä–∞–π–æ–Ω–µ, —á—Ç–æ–±—ã –Ω–∞–π—Ç–∏ —Ç–æ–≥–æ –±–µ–∑–¥–æ–º–Ω–æ–≥–æ, –≤–µ—Ä–Ω—É—Ç—å –¥–æ–ª–≥ –∏ –Ω–∞–∫–∏–Ω—É—Ç—å —Å–≤–µ—Ä—Ö—É —Ç—ã—Å—è—á–µ–∫—Ä–∞—Ç–Ω–æ, –Ω–æ —è —Ç–∞–∫ –µ–≥–æ –∏ –Ω–µ –Ω–∞—à—ë–ª:(

#–î–æ–±—Ä–æ@pn6"
37,"–ö–æ–≥–¥–∞ —É—á–∏–ª–∞—Å—å –≤ —É–Ω–∏–≤–µ—Ä–µ, —É –Ω–∞—Å –±—ã–ª –æ–¥–∏–Ω –æ—á–µ–Ω—å –ø—Ä–æ—Ç–∏–≤–Ω—ã–π –ø—Ä–µ–ø–æ–¥, –∏–∑-–∑–∞ –∫–æ—Ç–æ—Ä–æ–≥–æ –≤—ã–≥–Ω–∞–ª–∏ —Ö–æ—Ä–æ—à–µ–≥–æ –ø–∞—Ä–Ω—è. –û–Ω —á–∞—Å—Ç–æ –Ω–µ —Å–æ–≥–ª–∞—à–∞–ª—Å—è —Å –ø—Ä–µ–ø–æ–¥–æ–º, –ø—Ä–∏—á—ë–º –∞—Ä–≥—É–º–µ–Ω—Ç–∏—Ä–æ–≤–∞–Ω–Ω–æ, –Ω–æ —Å—Ç–∞—Ä–∏–∫—É –±—ã–ª–æ –∞–±—Å–æ–ª—é—Ç–Ω–æ –ø–æ*—É–π. –ù–∞ —ç–∫–∑–∞–º–µ–Ω –º—ã –≤—Å–µ–º –ø–æ—Ç–æ–∫–æ–º –ø—Ä–∏—à–ª–∏ –≤ —Ñ—É—Ç–±–æ–ª–∫–∞—Ö —Å –∏–∑–æ–±—Ä–∞–∂–µ–Ω–∏–µ–º –≤—ã–≥–Ω–∞–Ω–Ω–æ–≥–æ —Å—Ç—É–¥–µ–Ω—Ç–∞. –°–∏—Ç—É–∞—Ü–∏—é —ç—Ç–æ –Ω–µ –∏–∑–º–µ–Ω–∏–ª–æ, –Ω–æ –ø—Ä–µ–ø–æ–¥ –∑–∞–¥—É–º–∞–ª—Å—è. 

#–£–Ω–∏–≤–µ—Ä@pn6"
38,"–ö–æ–≥–¥–∞ —Ç–æ–ª—å–∫–æ –Ω–∞—á–∞–ª–∞ —Ä–∞–±–æ—Ç–∞—Ç—å –ø–∞—Ä–∏–∫–º–∞—Ö–µ—Ä–æ–º, –º–Ω–µ –¥–∞–≤–∞–ª–∏ –≤ –æ—Å–Ω–æ–≤–Ω–æ–º –ø–æ–∂–∏–ª—ã—Ö –º—É–∂—á–∏–Ω, –∫–æ—Ç–æ—Ä—ã–º –Ω–µ—Ç –Ω–∏–∫–∞–∫–æ–≥–æ –¥–µ–ª–∞ –¥–æ —Å–≤–æ–∏—Ö –ø—Ä–∏—á—ë—Å–æ–∫. –ü–µ—Ä–≤–æ–º—É –∂–µ —á–µ–ª–æ–≤–µ–∫—É, —Å–µ–≤—à–µ–º—É –≤ –∫—Ä–µ—Å–ª–æ, —è –æ—Ç—Ä–µ–∑–∞–ª–∞ –∫—É—Å–æ—á–µ–∫ —É—Ö–∞. –ö—Ä–æ–≤–∏ –±—ã–ª–æ, –∫–∞–∫ –∞–æ—Ä—Ç—ã...–î–µ–¥–æ–∫ –≤–æ–∑–º—É—â–∞–ª—Å—è, –≥—Ä–æ–∑–∏–ª—Å—è –ø–æ–¥–∞—Ç—å –≤ —Å—É–¥, –∞ –ø–æ—Ç–æ–º —É—Å–ø–æ–∫–æ–∏–ª—Å—è –∏ –ø–æ–ø—Ä–æ—Å–∏–ª –ø–æ—Ä–µ–∑–∞—Ç—å –∏ –¥—Ä—É–≥–æ–µ —É—Ö–æ, —á—Ç–æ–± –±—ã–ª–æ —Ä–æ–≤–Ω–æ. –û—Ç—Ä–µ–∑–∞–ª–∞. 

#–†–∞–±–æ—Ç–∞@pn6"
39,"–ú—É–∂ –∑–∞–∫–∞—Ç–∏–ª –∏—Å—Ç–µ—Ä–∏–∫—É, –Ω–∞–π–¥—è –º–æ–π –±–ª–æ–∫–Ω–æ—Ç, –≥–¥–µ —è –ø–∏—à—É –æ –Ω–µ–∫–æ–µ–º –î–µ–Ω–∏—Å–µ –°–µ—Ä–≥–µ–µ–≤–∏—á–µ, —Å –∫–æ—Ç–æ—Ä—ã–º —É –º–µ–Ω—è –±—ã–ª —Å–∞–º—ã–π –∂–∞—Ä–∫–∏–π —Å–µ–∫—Å. –î–æ—à–ª–æ –¥–æ —Ç–æ–≥–æ, —á—Ç–æ –æ–Ω —Å–æ–±—Ä–∞–ª –≤–µ—â–∏ –∏ —É—à—ë–ª –Ω–∞ –≤—Å—é –Ω–æ—á—å –±—É—Ö–∞—Ç—å –∏ –ø–ª–∞–∫–∞—Ç—å—Å—è –¥—Ä—É–≥—É. –ù–µ –¥—É–º–∞–ª–∞, —á—Ç–æ –º–æ—ë —Ö–æ–±–±–∏ –≤—Å–∫—Ä–æ–µ—Ç—Å—è —Å —Ç–∞–∫–∏–º –≥—Ä–æ—Ö–æ—Ç–æ–º. –ú–æ—ë —Ö–æ–±–±–∏ - –Ω–µ –∏–∑–º–µ–Ω—è—Ç—å. –Ø –≤—Å–µ–≥–æ –ª–∏—à—å –ø–∏—à—É —ç—Ä–æ—Ç–∏—á–µ—Å–∫–∏–µ —Ä–æ–º–∞–Ω—ã, –Ω–æ –ø–æ—á–µ–º—É-—Ç–æ —Å—Ç—ã–¥–Ω–æ –≤ —ç—Ç–æ–º –ø—Ä–∏–∑–Ω–∞–≤–∞—Ç—å—Å—è. 

#–•–æ–±–±–∏@pn6"
40,"–ó–Ω–∞–∫–æ–º—ã–µ, –∫–æ–≥–¥–∞ —Ä–∞—Å—Å—É–∂–¥–∞—é—Ç –æ–± –∏–¥–µ–∞–ª—å–Ω–æ–º –±—Ä–∞–∫–µ, –≤—Å–ø–æ–º–∏–Ω–∞—é—Ç –Ω–∞—Å —Å –º—É–∂–µ–º. –ú—ã –≤–º–µ—Å—Ç–µ –≤–æ—Ç —É–∂–µ —Ç—Ä–∏–Ω–∞–¥—Ü–∞—Ç—ã–π –≥–æ–¥, –¥–≤–æ–µ –¥–µ—Ç–µ–π, —Å–æ–≤–º–µ—Å—Ç–Ω—ã–π –±–∏–∑–Ω–µ—Å, —á–∞—Å—Ç–æ –ª–µ—Ç–∞–µ–º –æ—Ç–¥—ã—Ö–∞—Ç—å –≤ —Ä–∞–∑–Ω—ã–µ —Å—Ç—Ä–∞–Ω—ã. –ù–∏–∫—Ç–æ –Ω–µ –∑–Ω–∞–µ—Ç, —á—Ç–æ –≤–º–µ—Å—Ç–µ –º—ã —Ç–æ–ª—å–∫–æ –∏–∑-–∑–∞ –¥–µ—Ç–µ–π. –£ –Ω–µ–≥–æ –¥—Ä—É–≥–∞—è –∂–µ–Ω—â–∏–Ω–∞, —É –º–µ–Ω—è –¥—Ä—É–≥–æ–π –º—É–∂—á–∏–Ω–∞, —Å–ø–∏–º –≤–º–µ—Å—Ç–µ, –Ω–æ –Ω–µ –ø—Ä–∏–∫–∞—Å–∞–µ–º—Å—è –¥—Ä—É–≥ –∫ –¥—Ä—É–≥—É. –ö–æ–≥–¥–∞ –ª–µ—Ç–∞–µ–º –≤ –æ—Ç–ø—É—Å–∫, —Å–µ–ª–∏–º—Å—è –≤ —Ä–∞–∑–Ω—ã—Ö –≥–æ—Å—Ç–∏–Ω–∏—Ü–∞—Ö, –≤—Å—Ç—Ä–µ—á–∞–µ–º—Å—è —Å –¥—Ä—É–≥–∏–º–∏ –ª—é–¥—å–º–∏. 

#–û—Ç–Ω–æ—à–µ–Ω–∏—è@pn6"
41,"–ë–µ—Ä–µ–º–µ–Ω–Ω–∞, —Å–æ –¥–Ω—è –Ω–∞ –¥–µ–Ω—å —Ä–æ–∂–∞—Ç—å. –ù–µ–¥–∞–≤–Ω–æ –º—É–∂ –≥–æ–≤–æ—Ä–∏—Ç, —á—Ç–æ –Ω–µ —Ö–æ—á–µ—Ç –ø—Ä–∏—Å—É—Ç—Å—Ç–≤–æ–≤–∞—Ç—å —É –º–µ–Ω—è –Ω–∞ —Ä–æ–¥–∞—Ö. –ü—Ä–∏ —ç—Ç–æ–º –æ–Ω - –µ–¥–∏–Ω—Å—Ç–≤–µ–Ω–Ω—ã–π –≤—Ä–∞—á-–∞–∫—É—à–µ—Ä –Ω–∞ –±–æ–ª—å–Ω–∏—Ü—É, –≥–¥–µ —è –ª–µ–∂—É. –ù—É –Ω–µ –¥–µ–±–∏–ª –ª–∏?

#–ú—É–∂–∏–∫–∏@pn6"
42,"–ö–æ–≥–¥–∞-—Ç–æ –¥–∞–≤–Ω–æ –æ—á–µ–Ω—å —Å–∏–ª—å–Ω–æ –ª—é–±–∏–ª–∞ –æ–¥–Ω–æ–≥–æ –º–∞–ª–æ–∏–∑–≤–µ—Å—Ç–Ω–æ–≥–æ –º—É–∑—ã–∫–∞–Ω—Ç–∞. –•–æ–¥–∏–ª–∞ –Ω–∞ –µ–≥–æ –∫–æ–Ω—Ü–µ—Ä—Ç—ã, —Å–ª–µ–¥–∏–ª –∑–∞ –µ–≥–æ –∂–∏–∑–Ω—å—é, –æ—Ö–∞–ª–∞ –∏ –∞—Ö–∞–ª–∞, –∫–∞–∫–æ–π –æ–Ω, —Ç–∞–π–∫–æ–º –º–µ—á—Ç–∞—è, —á—Ç–æ –≤–æ—Ç –∫–æ–≥–¥–∞-–Ω–∏–±—É–¥—å... –í –∫–∞–∫–æ–π-—Ç–æ –∏–∑ –º–æ–º–µ–Ω—Ç–æ–≤ –ø—å—è–Ω–µ–Ω—å–∫–∞—è —Å –ø–æ–¥—Ä—É–∂–∫–∞–º–∏ –ø–æ—à–ª–∞ –Ω–∞ –∫–æ–Ω—Ü–µ—Ä—Ç. –ü–∞—Ä–µ–Ω—å —Ç–æ–≥–¥–∞ –∏–∑–º–µ–Ω–∏–ª, –≥—Ä—É—Å—Ç–Ω–æ, –ø–æ–ø–∞ —Ö–æ—á–µ—Ç –ø—Ä–∏–∫–ª—é—á–µ–Ω–∏–π, –Ω—É –∏ —è –Ω–∞–±–∏–ª–∞—Å—å –Ω–∞ –∞—Ñ—Ç–µ—Ä–ø–∞—Ç–∏ –ø–æ—Å–ª–µ –∫–æ–Ω—Ü–µ—Ä—Ç–∞. –ó–∞–∫–∞–Ω—á–∏–≤–∞–ª—Å—è –≤–µ—á–µ—Ä —É–∂–µ –≤ –ø–æ—Å—Ç–µ–ª–∏ —Ç–æ–≥–æ –º—É–∑—ã–∫–∞–Ω—Ç–∞. –ù–∞ —Å–ª–µ–¥—É—é—â–µ–µ —É—Ç—Ä–æ –±—ã–ª–æ –¥–∏–∫–æ —Å—Ç—ã–¥–Ω–æ, —á—É–≤—Å—Ç–≤–æ–≤–∞–ª–∞ —Å–µ–±—è –≥–ª—É–ø–æ–π —Ñ–∞–Ω–∞—Ç–∫–æ–π –∏ –≤ –∏—Ç–æ–≥–µ —É—Ç—Ä–æ–º —Å–±–µ–∂–∞–ª–∞, –Ω–µ –æ—Å—Ç–∞–≤–∏–≤ –∫–æ–Ω—Ç–∞–∫—Ç–æ–≤. –ü—Ä–æ—à–ª–æ 2 –∏–ª–∏ 3 –º–µ—Å—è—Ü–∞, —Ä–∞–±–æ—Ç–∞—é –≤ –æ–¥–Ω–æ–π –∏–∑ —Å—Ç—É–¥–∏–∏ –≤–∏–¥–µ–æ-–ø—Ä–æ–¥–∞–∫—à–Ω, –ø–∞—Ä–∞–ª–ª–µ–ª—å–Ω–æ —É—á—É—Å—å –∏ —Ç—É—Ç –Ω–∞–º –¥–∞–ª–∏ –∑–∞–¥–∞–Ω–∏–µ - —Å–Ω—è—Ç—å –¥–æ–∫—É–º–µ–Ω—Ç–∞–ª–∫—É –ø–æ —Ç–≤–æ—Ä—á–µ—Å–∫–∏–º –ª–∏—á–Ω–æ—Å—Ç—è–º. –Ø –±—ã–ª–∞ –Ω–∞ –ø—Ä–∞–≤–∞—Ö —Ç–æ–ª—å–∫–æ –∏—Å–ø–æ–ª–Ω–∏—Ç–µ–ª—è —Ä—è–¥–∞ –≤–µ—â–µ–π –∏ –≤–æ—Ç –∫–∞–∫-—Ç–æ –ø—Ä–∏—Ö–æ–¥–∏–º –Ω–∞ —Å—ä–µ–º–∫—É, –∞ —Ç–∞–º –∫–∞–∫ —Ä–∞–∑ —Ç–∞ –≥—Ä—É–ø–ø–∞. –°—Ç—ã–¥–ª–∏–≤–æ —Å—Ç–∞—Ä–∞–ª–∞—Å—å –∏–∑–±–µ–≥–∞—Ç—å —Å–æ–ª–∏—Å—Ç–∞ –¥–Ω—è 3, –¥—É–º–∞–ª–∞ –º–æ–∂–µ—Ç –Ω–µ —É–∑–Ω–∞–µ—Ç, –∞ –æ–Ω –≤ –∫–∞–∫–æ–π-—Ç–æ –º–æ–º–µ–Ω—Ç –±–∞–Ω–∞–ª—å–Ω–æ –≤—Å—Ç—Ä–µ—Ç–∏–ª –º–µ–Ω—è —É –¥–æ–º–∞ —Å –±—É–∫–µ—Ç–æ–º –∏ –ø—Ä–µ–¥–ª–æ–∂–µ–Ω–∏–µ–º –ø–æ–π—Ç–∏ –Ω–∞ —Å–≤–∏–¥–∞–Ω–∏–µ. –°–µ–π—á–∞—Å —É–∂–µ –≤–º–µ—Å—Ç–µ 4 –≥–æ–¥–∞, –Ω–µ–¥–∞–≤–Ω–æ –ø–æ–∂–µ–Ω–∏–ª–∏—Å—å –∏ –º—É–∂ –≥–æ–≤–æ—Ä–∏—Ç, —á—Ç–æ –µ—Å–ª–∏ –±—ã —è —Ç–æ–≥–¥–∞ –Ω–µ —Å–±–µ–∂–∞–ª–∞, —Ç–æ –Ω–µ —Å—Ç–∞–ª –±—ã –Ω–∏—á–µ–≥–æ —Å–µ—Ä—å–µ–∑–Ω–æ–≥–æ –∑–∞–≤–æ–¥–∏—Ç—å, –º–æ–ª —Å —Ñ–∞–Ω–∞—Ç–∫–æ–π –∏–º–µ—Ç—å —Ç–∞–∫–æ–µ –¥–µ–ª–æ –Ω–µ –≤–∞—Ä–∏–∞–Ω—Ç. –ê —Ç—É—Ç —è. –ù–∞–¥–µ—é—Å—å, —á—Ç–æ —Å—É–¥—å–±–∞)

–•–æ—Ç–µ–ª–∏ –±—ã —Ç–∞–∫ —Å–ª—É—á–∞–π–Ω–æ –≤—Å—Ç—Ä–µ—Ç–∏—Ç—å —Å—É–¥—å–±—É? 
3–∫ ‚ù§ - –≤–æ–∑–º–æ–∂–Ω–æ –≤—Å—Ç—Ä–µ—Ç–∏—Ç–µ
5–∫ ‚ù§ - —Ç–æ—á–Ω–æ –≤—Å—Ç—Ä–µ—Ç–∏—Ç–µ
7–∫ ‚ù§ - –≤–∞—à–∞ —Å—É–¥—å–±–∞ –±—É–∫–≤–∞–ª—å–Ω–æ —Å—Ç—É—á–∏—Ç—Å—è –≤ –æ–∫–Ω–æ

#–°—É–¥—å–±–∞@pn6"
43,"–ü—Ä—è–º–æ —Å–µ–≥–æ–¥–Ω—è –∏ –ø—Ä—è–º–æ —Å–µ–π—á–∞—Å –∏–º–µ–Ω–Ω–æ –¢–´ –Ω–∞–π–¥–µ—à—å —Å–µ–±–µ –¥—Ä—É–≥–∞, —Å–æ–±–µ—Å–µ–¥–Ω–∏–∫–∞, –∞ –º–æ–∂–µ—Ç –∏ –¥–∞–∂–µ –≤—Ç–æ—Ä—É—é –ø–æ–ª–æ–≤–∏–Ω–∫—É üòµüí• 
 
üìç–ì–æ—Ç–æ–≤ —Ö–æ—Ä–æ—à–æ –ø—Ä–æ–≤–µ—Å—Ç–∏ –≤–µ—á–µ—Ä? –¢–æ–≥–¥–∞ —Å—Ä–æ—á–Ω–æ –≤—ã–ø–æ–ª–Ω—è–π –Ω–∞—à–∏ —Ç—Ä–µ–±–æ–≤–∞–Ω–∏—è: 
 
1. –ñ–º—è–∫–∞–π –Ω–∞ —Å–≤–æ–π –≤–æ–∑—Ä–∞—Å—Ç –≤ –æ–ø—Ä–æ—Å–µ. 
2. –†–∞–Ω–¥–æ–º–Ω–æ –≤—ã–±–∏—Ä–∞–π 20 —á–µ–ª–æ–≤–µ–∫. 
3. –ü–∏—à–∏ –∏–º –∏ –Ω–∞—á–∏–Ω–∞–π –∏–≥—Ä—É ""–ë—ã–ª–æ –∏–ª–∏ –Ω–µ –±—ã–ª–æ..."" 
4. –ù–∞—Å–ª–∞–∂–¥–∞–π—Å—è –∏ –ø—Ä–∏—Å—ã–ª–∞–π —Å–∞–º—ã–π –≤–µ—Å—ë–ª—ã–µ —Å–∫—Ä–∏–Ω—ã –∫ –Ω–∞–º –≤ –ø—Ä–µ–¥–ª–æ–∂–∫—É. 
 
–ü—Ä–∏–º–µ—Ä: ""–°—Ä–æ—á–Ω–æ! –ë—ã–ª –ª–∏ —É —Ç–µ–±—è —Å–ª—É—á–∞–π, –∫–æ–≥–¥–∞ —Ç—ã —Ü–µ–ª–æ–≤–∞–ª—Å—è —Å —Ö–æ–º—è–∫–æ–º?"" üåù 
 
–ü—Ä–æ—è–≤–∏ –∫—Ä–µ–∞—Ç–∏–≤, –¥—Ä—É–∂–µ–ª—é–±–Ω–æ—Å—Ç—å –∏ —Ç–æ–≥–¥–∞ —Ç—ã —Ç–æ—á–Ω–æ –Ω–∞–π–¥–µ—à—å —Å–∞–º—ã—Ö —Ü–µ–Ω–Ω—ã—Ö –ª—é–¥–µ–π. –ß–º–æ–∫! üíã"
44,"–ê–≤–∞—Ç–∞—Ä–∫–∞ –ü6 - –∫–∞–∂–¥—ã–π —Ä–∞–∑ —Ä–∞—Å—Å—Ç—Ä–æ–π—Å—Ç–≤–∞. –ê–¥–º–∏–Ω—ã, –º–æ–∂–µ—Ç —Ö–≤–∞—Ç–∏—Ç?!
______
–û–π, –¥–∞ –ª–∞–¥–Ω–æ –≤–∞–º)

#–û—Ç–∑—ã–≤@pn6"
45,"–£ –ø–æ–¥—Ä—É–≥–∏ —Å—ã–Ω—É 6 –ª–µ—Ç. –°–∏–¥–∏–º –≤ –≥–æ—Å—Ç–∏–Ω–Ω–æ–π, —Ä–∞–∑–≥–æ–≤–∞—Ä–∏–≤–∞–µ–º, —Ç–∞–º –∂–µ —Ä–µ–±–µ–Ω–æ–∫ –ª–µ–∂–∏—Ç —Ä—è–¥–æ–º —Å —Å–æ–±–∞–∫–æ–π –∏ —Ä–∞—Å—Å–º–∞—Ç—Ä–∏–≤–∞–µ—Ç –∫–∞—Ä—Ç–∏–Ω–∫–∏ –≤ –∫–Ω–∏–∂–∫–µ. –í –∫–∞–∫–æ–π-—Ç–æ –º–æ–º–µ–Ω—Ç –ø–æ–¥—Ä—É–≥–∞ —É—à–ª–∞ –Ω–∞ –∫—É—Ö–Ω—é, –∞ –º–µ–ª–∫–∏–π –∂–µ –±–µ—Ä–µ—Ç –∫–æ–Ω—Ñ–µ—Ç—É, –æ—Ç–∫—Ä—ã–≤–∞–µ—Ç –∏ —Ç—É—Ç –µ–µ –∑–∞–±–∏—Ä–∞–µ—Ç —Å–æ–±–∞–∫–∞. –ê –ø–µ—Å –±–æ–ª—å—à–æ–π —Ç–∞–∫–æ–π, –ª–æ—Ö–º–∞—Ç—ã–π –∫–∞–∫–æ–π-—Ç–æ. –ú–µ–ª–∫–∏–π —Å–Ω–∞—á–∞–ª–∞ —á—É—Ç—å –ª–∏ –Ω–µ –≤ —Å–ª–µ–∑—ã, –∞ –ø–æ—Ç–æ–º –±–µ—Ä–µ—Ç –∑–∞ —É—à–∏ –ø—Å–∞, –æ—Ç–∫—Ä—ã–≤–∞–µ—Ç –ø–∞—Å—Ç—å, –¥–æ—Å—Ç–∞–µ—Ç –∫–æ–Ω—Ñ–µ—Ç—É –∏ –≥–æ–ª–æ—Å–æ–º –ø–æ–±–µ–¥–∏—Ç–µ–ª—è –≥–æ–≤–æ—Ä–∏—Ç: ""–ï—â–µ —Ä–∞–∑ –∏ —Å–ª–µ–¥—É—é—â–∏–º –±—É–¥–µ—Ç —Ç–≤–æ–π –∫–æ—Ä–º"" –∏ —É—Ö–æ–¥–∏—Ç –≤ –¥—Ä—É–≥—É—é –¥–µ—Ç—Å–∫—É—é. –ü–µ—Å –∂–µ —Ç–æ–ª—å–∫–æ –∑–∞—Å–∫—É–ª–∏–ª –∏ –ø–æ—à–µ–ª –∑–∞ –Ω–∏–º. –í–∏–¥–∏–º–æ, –∏–∑–≤–∏–Ω—è—Ç—å—Å—è.

#–î–µ—Ç–∏@pn6"
46,"–ö–∞–∂–¥—ã–π —Ä–∞–∑, –∫–æ–≥–¥–∞ —è —Å–∏–ª—å–Ω–æ –Ω–∞–ø–∏–≤–∞—é—Å—å - —Ç–≤–æ—Ä—é –Ω–µ–ø–æ–Ω—è—Ç–Ω–æ —á—Ç–æ, —á—Ç–æ –ø–æ—Ç–æ–º –¥–∏–∫–æ —Å—Ç—ã–¥–Ω–æ, –Ω–æ –≤—Å–µ–≥–¥–∞ —Ö–æ—Ç—è –±—ã –ø–æ –æ—Ç–Ω–æ—à–µ–Ω–∏—é –∫ –ª—é–¥—è–º, –∫–æ—Ç–æ—Ä—ã–µ —Å–¥–µ–ª–∞–ª–∏ –≥–∞–¥–æ—Å—Ç—å. –¢–∞–∫ –Ω–∞—á–∞–ª—å–Ω–∏–∫—É-–∫–æ–∑–ª—É —è –∫–æ–≥–¥–∞-—Ç–æ –≤ –æ—Ñ–∏—Å –∑–∞–ø—É—Å—Ç–∏–ª –∫–æ–∑–ª–∞ –∏ –Ω–µ—Å–∫–æ–ª—å–∫–æ –≥–æ–ª—É–±–µ–π, –±—ã–≤—à–µ–π –¥–µ–≤—É—à–∫–µ –ø–æ–¥ –¥–≤–µ—Ä—è–º–∏ –æ—Å—Ç–∞–≤–∏–ª –±—Ä–µ–≤–Ω–æ —Å –∑–∞–ø–∏—Å–∫–æ–π, —á—Ç–æ —ç—Ç–æ –µ–µ —Ç–æ—á–Ω–∞—è –∫–æ–ø–∏—è, —Å–æ—Å–µ–¥—É-–º—É–¥–∞–∫—É –æ–±–º–∞–∑–∞–ª –¥–≤–µ—Ä—å –º–µ–¥–æ–º –∏ –ø—Ç–∏—á—å–∏–º–∏ –ø–µ—Ä—å—è–º–∏... –Ω–æ –≤–æ—Ç –ø–æ–∑–∞–≤—á–µ—Ä–∞ —è –∫—É–ø–∏–ª —Å–≤–æ–µ–π –¥–µ–≤—É—à–∫–µ 32 –±—É–∫–µ—Ç–∞. –•–æ—Ç—å —á—Ç–æ-—Ç–æ –Ω–æ–≤–µ–Ω—å–∫–æ–µ...

#–°–º—É—Ä—Ñ—ã@pn6"
47,"–í—á–µ—Ä–∞ –≤–µ—á–µ—Ä–æ–º —Ö–æ–¥–∏–ª–∞ –≤ –º–∞–≥–∞–∑–∏–Ω. –•–æ–∂—É —Å —Ç–µ–ª–µ–∂–∫–æ–π, –Ω–∏–∫–æ–≥–æ –Ω–µ —Ç—Ä–æ–≥–∞—é, –Ω–æ —Ç—É—Ç –∫–æ –º–Ω–µ –ø–æ–¥—Ö–æ–¥–∏—Ç –º—É–∂–∏–∫. –ë–æ—Ä–æ–¥–∞—Ç—ã–π —Ç–∞–∫–æ–π, –≤—ã—Å–æ–∫–∏–π, —Å—É—Ä–æ–≤—ã–π. –¢–∏–ø–∏—á–Ω—ã–π –±–∞–π–∫–µ—Ä –≤ –∫–æ–∂–∞–Ω–∫–µ. –ü–æ–¥—Ö–æ–¥–∏—Ç –∏ –≥–æ–≤–æ—Ä–∏—Ç: ""–î–µ–≤—É—à–∫–∞, –∞ —á—Ç–æ –º–∞–ª–µ–Ω—å–∫–∏–µ –∫–æ—Ç—ã –∂—Ä—É—Ç? –ù–µ –ø—É–≥–∞–π—Ç–µ—Å—å, —É–≤–∏–¥–µ–ª —É –≤–∞—Å –∫–æ—Ä–º –¥–ª—è –∫–æ—Ç–æ–≤ –∏ —Å–ø—Ä–æ—Å–∏–ª, –æ—á–µ–Ω—å –Ω–∞–¥–æ"". –Ø –Ω–µ–º–Ω–æ–≥–æ –æ–ø–µ—à–∏–ª–∞, –Ω–æ –±—ã—Å—Ç—Ä–æ —Å–æ–æ–±—Ä–∞–∑–∏–ª–∞, –±—ã—Å—Ç—Ä–æ —Å–ø—Ä–æ—Å–∏–ª–∞ –æ –≤–æ–∑—Ä–∞—Å—Ç–µ, –Ω–∞—Å–∫–æ–ª—å–∫–æ –º–∞–ª–µ–Ω—å–∫–∏–µ, —Ç–∞–∫ –æ–Ω –≤–∑—è–ª, —Ä–∞—Å—Ç–µ–≥–Ω—É–ª –∫—É—Ä—Ç–∫—É –∏ –ø–æ–∫–∞–∑–∞–ª –¥–≤—É—Ö –º–∞–ª–µ–Ω—å–∫–∏—Ö –≥—Ä—è–∑–Ω—ã—Ö –¥–≤—É—Ö –∫–æ—Ç—è—Ç. –ì–æ–≤–æ—Ä–∏—Ç –∫–∞–∫–∏–µ-—Ç–æ —É–±–ª*–¥–∫–∏ –æ—Å—Ç–∞–≤–∏–ª–∏ –∏—Ö –≤ —à–∞–ø–∫–µ –Ω–∞ –ø–æ–º–æ–π–∫–µ –∏ –æ–Ω –Ω–µ —Å–º–æ–≥ –ø—Ä–æ–π—Ç–∏ –º–∏–º–æ, –∑–∞–±—Ä–∞–ª. –î–∞–ª–∞ –ø–∞—Ä—É —Å–æ–≤–µ—Ç–æ–≤, –Ω–æ–º–µ—Ä —Ö–æ—Ä–æ—à–µ–π –≤–µ—Ç–∫–ª–∏–Ω–∏–∫–∏ –∏ –º—É–∂–∏–∫, –ø–æ–±–ª–∞–≥–æ–¥–∞—Ä–∏–≤, —É—à–µ–ª. –£–≤–µ—Ä–µ–Ω–∞, —É —ç—Ç–∏—Ö —Ä–µ–±—è—Ç –±—É–¥–µ—Ç –≤—Å–µ —Å—É–ø–µ—Ä)

#–ú–∏–ª–æ—Å—Ç–∏@pn6"
48,"–°—ã–Ω—É 8 –ª–µ—Ç, –Ω–µ–¥–∞–≤–Ω–æ –ø–∏—Å–∞–ª –ø–∏—Å—å–º–æ –î–µ–¥—É –ú–æ—Ä–æ–∑—É. –í —á–∏—Å–ª–µ —Å–ø–∏—Å–∫–∞ –∏–≥—Ä—É—à–µ–∫ —É–≤–∏–¥–µ–ª–∞, —á—Ç–æ –æ–Ω –Ω–∞–ø–∏—Å–∞–ª ""–Ω–∞–±–æ—Ä –∫–æ–Ω—Ñ–µ—Ç –¥–ª—è –ø–∞–ø—ã, –∞ —Ç–æ –æ–ø—è—Ç—å –≤—Å–µ —Å—ä–µ—Å—Ç, –∞ –º–Ω–µ –æ—Å—Ç–∞–Ω—É—Ç—Å—è –∏—Ä–∏—Å–∫–∏"" –∏ –ø–æ–Ω—è–ª–∞, —á—Ç–æ –¥–æ–≤–µ—Ä—è–µ—Ç –æ–Ω –±–æ–ª—å—à–µ –º–Ω–µ. –ö–æ–Ω—Ñ–µ—Ç—ã-—Ç–æ –≤—Å–µ —è —Å–æ–∂—Ä–∞–ª–∞, —É –º—É–∂–∞ –¥–∏–∞–±–µ—Ç...

#–°–µ–º—å—è@pn6"
49,#–í–µ—Å–µ–ª—É—à–∫–∏@pn6
50,"–ñ–∏–∑–æ–≤–µ–µ —Å–∏—Ç—É–∞—Ü–∏–∏, —á–µ–º –Ω–∞ –∞–≤–µ –¥–∞–≤–Ω–æ –Ω–µ –≤–∏–¥–µ–ª. –ê—Ä–∫, –∫–∞–∫ —è —Ç–µ–±—è –ø–æ–Ω–∏–º–∞—é...

 #–û—Ç–∑—ã–≤@pn6"
51,"–ú–æ–π –∫—É–º–∏—Ä - –º–æ—è –±–∞–±—É—à–∫–∞. –≠—Ç–∞ –∂–µ–Ω—â–∏–Ω–∞ –æ–¥–Ω–∞ –≤–æ—Å–ø–∏—Ç–∞–ª–∞ 7-—Ö –¥–µ—Ç–µ–π, –ø–æ—Å–ª–µ —Å–º–µ—Ä—Ç–∏ –¥–µ–¥–∞ (—Ç–æ–≥–¥–∞ 7-–º—É —Ä–µ–±–µ–Ω–∫—É –±—ã–ª–æ –±—É–∫–≤–∞–ª—å–Ω–æ 2 –≥–æ–¥–∞) –ø–æ–¥–Ω—è–ª–∞ –∏—Ö, –ø–æ–¥–∞—Ä–∏–ª–∞ –æ–±—Ä–∞–∑–æ–≤–∞–Ω–∏–µ, –∂–∏–ª—å–µ, –ª—é–±–æ–≤—å, –æ–≥—Ä–æ–º–Ω—ã–π —É—Ä–æ–≤–µ–Ω—å –≤–Ω–∏–º–∞–Ω–∏—è –∏ —Ç–µ–ø–µ—Ä—å –Ω–µ –º–µ–Ω—å—à–µ –ª—é–±–∏—Ç —Å–≤–æ–∏—Ö –≤–Ω—É–∫–æ–≤. –ü–æ —Ä–∞—Å—Å–∫–∞–∑–∞–º –º–∞–º—ã –±–∞–±—É—à–∫–∞, –±—ã–≤–∞–ª–æ, –Ω–µ —Å–ø–∞–ª–∞ –ø–æ—á—Ç–∏ —Å—É—Ç–∫–∞–º–∏, —á—Ç–æ–±—ã –ø–æ–º–æ—á—å –∫–æ–º—É-—Ç–æ —Å —É—Ä–æ–∫–∞–º–∏, —Å—à–∏—Ç—å –∫–æ—Å—Ç—é–º –Ω–∞ —É—Ç—Ä–µ–Ω–Ω–∏–∫ –∏–ª–∏ —Å–¥–µ–ª–∞—Ç—å —Ç–æ—Ä—Ç –Ω–∞ –¥–µ–Ω—å —Ä–æ–∂–¥–µ–Ω–∏—è –æ–¥–Ω–æ–≥–æ –∏–∑ –¥–µ—Ç–µ–π. –ü—Ä–∏ –≤—Å—ë–º —ç—Ç–æ–º –æ–Ω–∞ —Ç–∞–∫ –Ω–∏–∫–æ–≥–æ –∏ –Ω–µ –ø–æ–ª—é–±–∏–ª–∞ –ø–æ—Å–ª–µ —Å–º–µ—Ä—Ç–∏ –¥–µ–¥—É—à–∫–∏, –≥–æ–≤–æ—Ä—è, —á—Ç–æ –µ–µ —Å–µ—Ä–¥—Ü–µ –Ω–∞–≤—Å–µ–≥–¥–∞ –æ—Ç–¥–∞–Ω–æ –µ–µ –ñ–æ—Ä–∫–µ. –ü—Ä–∏ —ç—Ç–æ–º –æ–Ω–∞ –¥–æ —Å–∏—Ö –ø–æ—Ä –±–æ–¥—Ä–∞—è, –º–∏–ª–∞—è –∏ –æ—á–µ–Ω—å —É–ª—ã–±—á–∏–≤–∞—è. –ò –¥–æ —Å–∏—Ö –ø–æ—Ä –æ–Ω–∞ –≥–æ–≤–æ—Ä–∏—Ç, —á—Ç–æ —Å—á–∞—Å—Ç–ª–∏–≤–∞, –≤–µ–¥—å —Å–∞–º–∞ –∂–∏–∑–Ω—å - —ç—Ç–æ –∏ –µ—Å—Ç—å —Å—á–∞—Å—Ç—å–µ. –£–¥–∏–≤–∏—Ç–µ–ª—å–Ω–æ. –õ—é–±–ª—é –∏ –≥–æ—Ä–∂—É—Å—å.

#–ì–æ—Ä–¥–æ—Å—Ç—å@pn6"
52,"–£ –º–∞–º—ã –≤–æ—Ç-–≤–æ—Ç –¥–µ–Ω—å —Ä–æ–∂–¥–µ–Ω–∏—è, –Ω–æ —Ç–∞–∫ –ø–æ–ª—É—á–∏–ª–æ—Å—å, —á—Ç–æ —Ä–æ–≤–Ω–æ –∑–∞ –¥–µ–Ω—å –¥–æ –Ω–µ–≥–æ —è –¥–æ–ª–∂–µ–Ω –±—ã–ª —É–µ—Ö–∞—Ç—å. –ò –≤–æ—Ç, –≤—Å–µ –ø–æ–¥–≥–æ—Ç–æ–≤–∏–ª, –ø—Ä–µ–∫—Ä–∞—Å–Ω–æ, –ø–æ–ø—Ä–æ—Å–∏–ª –æ—Ç—Ü–∞ –ø–æ–∑–¥—Ä–∞–≤–∏—Ç—å –æ—Ç –º–µ–Ω—è –º–∞–º—É –≤ –µ–µ –¥—Ä, –Ω–æ –≤–æ—Ç –±–µ–¥–∞ - –∑–∞–±—ã–ª –æ—Ç–∫—Ä—ã—Ç–∫—É, –∞ –º–∞–º–∞ –∏—Ö –¥–∏–∫–æ –ª—é–±–∏—Ç. –ù–∞—à–µ–ª —É —Å–µ–±—è –≤ —à–∫–∞—Ñ–∞—Ö –≥–¥–µ-—Ç–æ —Å—Ç–∞—Ä—É—é, –ø–æ—Å–º–æ—Ç—Ä–µ–ª, –ø—É—Å—Ç–∞—è, –æ—Ç–¥–∞–ª –æ—Ç—Ü—É, –ø–æ–ø—Ä–æ—Å–∏–ª –ø–æ–¥–ø–∏—Å–∞—Ç—å –∏ –±–µ–≥–æ–º –ø–æ–±–µ–∂–∞–ª –Ω–∞ —Ç–∞–∫—Å–∏ –∏ —Å–∞–º–æ–ª–µ—Ç. –ò –≤–æ—Ç, —Å–ª–µ–¥—É—é—â–∏–π –¥–µ–Ω—å, –º–Ω–µ –ø—Ä–∏—à–ª–æ –°–ú–° –æ—Ç –æ—Ç—Ü–∞ ""–¢—ã –º–Ω–µ –¥–æ–ª–∂–µ–Ω"" –Ø –≤ –Ω–µ–ø–æ–Ω—è—Ç–∫–∞—Ö, –∞ –æ–Ω –ø—Ä–∏—Å—ã–ª–∞–µ—Ç —Ñ–æ—Ç–æ –æ—Ç–∫—Ä—ã—Ç–∫–∏, –∞ —Ç–∞–º –≤–Ω—É—Ç—Ä–∏ –µ–ª–µ –∑–∞–º–µ—Ç–Ω—ã–º–∏ —á–µ—Ä–Ω–∏–ª–∞–º–∏ –Ω–∞–ø–∏—Å–∞–Ω–æ: ""–° –î–†, –∫—É—Ä–∏–Ω–∞—è –∂–æ–ø–∞. –ö—É–ø–∏ —Å–µ–±–µ –Ω–∞ —ç—Ç–∏ –±–∞–±–∫–∏ –Ω–æ—Ä–º–∞–ª—å–Ω—ã–µ –¥—É—Ö–∏ –∏ –Ω–∞–¥–µ—é—Å—å –ø–æ—Å–ª–µ —ç—Ç–æ–≥–æ —Ç–µ–±–µ —Ö–æ—Ç—å –∫—Ç–æ-—Ç–æ –¥–∞—Å—Ç"". –ò —Ç—É—Ç —è –≤—Å–ø–æ–º–∏–Ω–∞—é, —á—Ç–æ –æ—Ç–∫—Ä—ã—Ç–∫—É-—Ç–æ –º–Ω–µ —ç—Ç—É –ø–æ–¥–∞—Ä–∏–ª–∞ –ª—É—á—à–∞—è –ø–æ–¥—Ä—É–≥–∞, –∫–æ–≥–¥–∞ –º–Ω–µ –±—ã–ª–æ 18 –ª–µ—Ç. –ù—É... —Ä–µ–∞–ª—å–Ω–æ —Ç–µ–ø–µ—Ä—å –¥–æ–ª–∂–µ–Ω –æ—Ç—Ü—É)

#–§–µ–π–ª@pn6"
53,"–†–µ–±—è—Ç–∞, —è –≤—á–µ—Ä–∞ –†–û–î–ò–õ–ê! –†–æ–¥–∏–ª–∞, —Å–∞–º–∞! –•–æ—Ç—è –µ—â—ë –≥–æ–¥ –Ω–∞–∑–∞–¥ –≤—Ä–∞—á–∏ –∫–æ—Ç–æ—Ä—ã–π —Ä–∞–∑ —Ç–≤–µ—Ä–¥–∏–ª–∏, —á—Ç–æ —è –±–µ—Å–ø–ª–æ–¥–Ω–∞. –®–µ—Å—Ç—å –ª–µ—Ç –º—É—á–µ–Ω–∏–π, —Å–ª–µ–∑, –±–æ–ª–∏. –ù–æ —è —Å–º–æ–≥–ª–∞! –ò —Ç–µ–ø–µ—Ä—å —É –º–µ–Ω—è –µ—Å—Ç—å –¥–æ—á–µ–Ω—å–∫–∞. –°–ø–∞—Å–∏–±–æ, –∂–∏–∑–Ω—å!

#–°—á–∞—Å—Ç—å–µ@pn6"
54,"–Ø - —É—á–∏—Ç–µ–ª—å –º–∞—Ç–µ–º–∞—Ç–∏–∫–∏. –ù–µ —Ç–∞–∫ –¥–∞–≤–Ω–æ –≤ –Ω–∞—à–µ–º –≥–æ—Ä–æ–¥–µ –≤ –∫–∞–∫–æ–º-—Ç–æ —Å–ª—É—á–∞–π–Ω–æ–º –∫–∞—Ñ–µ —É–≤–∏–¥–µ–ª –æ–±—ä—è–≤–ª–µ–Ω–∏–µ –æ —Ç–æ–º, —á—Ç–æ –≤—Å–µ –Ω—É–∂–¥–∞—é—â–∏–µ—Å—è –±–µ–∑–¥–æ–º–Ω—ã–µ –º–æ–≥—É—Ç –∑–∞–π—Ç–∏ —Å —á–µ—Ä–Ω–æ–≥–æ –≤—Ö–æ–¥–∞ –∏ –ø–æ–ø—Ä–æ—Å–∏—Ç—å –ø–∏—â–∏ —Å–æ–≤–µ—Ä—à–µ–Ω–Ω–æ –±–µ—Å–ø–ª–∞—Ç–Ω–æ. –Ø —É–ª—ã–±–Ω—É–ª–∞—Å—å —ç—Ç–æ–º—É –∏ –ø–æ—à–ª–∞ —Å –ø—Ä–∏—è—Ç–Ω—ã–º —á—É–≤—Å—Ç–≤–æ–º —Ç—Ä–∞–ø–µ–∑–Ω–∏—á–∞—Ç—å –≤ –∫–∞—Ñ–µ. –¢–∞–º —Å—Ä–µ–¥–∏ –æ—Ñ–∏—Ü–∏–∞–Ω—Ç–æ–≤ –≤—Å—Ç—Ä–µ—Ç–∏–ª–∞ –æ–¥–Ω–æ–≥–æ –∏–∑ —Å–≤–æ–∏—Ö –±—ã–≤—à–∏—Ö —É—á–µ–Ω–∏–∫–æ–≤, –∫–æ—Ç–æ—Ä–æ–≥–æ, —á–µ—Å—Ç–Ω–æ –≥–æ–≤–æ—Ä—è, –Ω–µ–¥–æ–ª—é–±–ª–∏–≤–∞–ª–∞. –í–µ—á–Ω—ã–π —Ä–∞–∑–¥–æ–ª–±–∞–π, –∫–æ—Ç–æ—Ä—ã–π —Ç–æ —Å–ø–∞–ª –Ω–∞ —É—Ä–æ–∫–∞—Ö, —Ç–æ –ø—Ä–æ–≥—É–ª–∏–≤–∞–ª, —Ç–æ —Ä–∞–∑–≥–æ–≤–∞—Ä–∏–≤–∞–ª —Å –∫–µ–º-—Ç–æ... –≤ –∞—Ç—Ç–µ—Å—Ç–∞—Ç–µ –æ–¥–Ω–∏ —Ç—Ä–æ–π–∫–∏, –º–æ–π –ø—Ä–µ–¥–º–µ—Ç –Ω–µ –ø–æ–Ω–∏–º–∞–ª, –¥–∞ –∏ –Ω–µ —Ö–æ—Ç–µ–ª –ø–æ–Ω–∏–º–∞—Ç—å. –°–º–æ—Ç—Ä–µ–ª–∞ –Ω–∞ –Ω–µ–≥–æ —Å –Ω–µ–∫–∏–º –ø—Ä–µ–∑—Ä–µ–Ω–∏–µ–º, –¥—É–º–∞—è —á—Ç–æ –¥–∞, –≤ —à–∫–æ–ª–µ –Ω–µ —Å—Ç–∞—Ä–∞–ª—Å—è –∏ –∑–∞ 8 –ª–µ—Ç –ø–æ—Å–ª–µ –≤—ã–ø—É—Å–∫–∞ –¥–æ—Å–ª—É–∂–∏–ª—Å—è —Ç–æ–ª—å–∫–æ –¥–æ –æ—Ñ–∏—Ü–∏–∞–Ω—Ç–∞ –∏ —ç—Ç–æ –≤—Å–µ –Ω–µ—Å–º–æ—Ç—Ä—è –Ω–∞ —Ç–æ, —á—Ç–æ –æ—Ç –µ–≥–æ —Ä—É–∫ –ø–æ–ª—É—á–∏–ª–∞ –ø–∏—Ä–æ–∂–Ω–æ–µ –≤ –∫–∞—á–µ—Å—Ç–≤–µ –∫–æ–º–ø–ª–∏–º–µ–Ω—Ç–∞ –æ—Ç –∑–∞–≤–µ–¥–µ–Ω–∏—è –∏ –≤–µ–∂–ª–∏–≤–æ–µ –ø—Ä–∏–≤–µ—Ç—Å—Ç–≤–∏–µ. –ù–æ... –ü–æ–¥—É–º–∞–ª–∞, –∞ –ø–æ—Ç–æ–º –∑–∞–±—ã–ª–∞. –ë—É–∫–≤–∞–ª—å–Ω–æ –≤ —Ç–æ—Ç –∂–µ –¥–µ–Ω—å –≤–æ–∑–≤—Ä–∞—â–∞—é—Å—å —Ç—É–¥–∞ –∂–µ —É–∂–µ –ø–æ–¥ –∑–∞–∫—Ä—ã—Ç–∏–µ, —Ç.–∫. –∑–∞–±—ã–ª–∞ —Ç–∞–º —Å—É–º–∫—É —Å–æ —à–∫–æ–ª—å–Ω—ã–º–∏ —Ç–µ—Ç—Ä–∞–¥—è–º–∏. –ü—Ä–∏—Ö–æ–∂—É, –º–µ–Ω—è –≤—Å—Ç—Ä–µ—á–∞–µ—Ç –¥–µ–≤–æ—á–∫–∞-–æ—Ñ–∏—Ü–∏–∞–Ω—Ç–∫–∞, –≥–æ–≤–æ—Ä–∏—Ç, —á—Ç–æ –¥–∞, –≤–ª–∞–¥–µ–ª–µ—Ü —É —Å–µ–±—è –æ—Å—Ç–∞–≤–∏–ª, –º–æ–≥—É –ø–æ–¥–æ–∂–¥–∞—Ç—å –≤ –∑–∞–ª–µ. –°–º–æ—Ç—Ä—é, –∞ —Ç–∞–º –º–æ–π —É—á–µ–Ω–∏–∫ –ø–æ–ª—ã –º–æ–µ—Ç, –Ω–æ —á–µ—Ä–µ–∑ —Å–µ–∫—É–Ω–¥—É –ø–æ–¥—Ö–æ–¥–∏—Ç —Ç–∞ –¥–µ–≤—á–æ–Ω–∫–∞ –∏ –ø–æ –∏–º–µ–Ω–∏ –æ—Ç—á–µ—Å—Ç–≤—É –æ–±—Ä–∞—â–∞–µ—Ç—Å—è –∫ –Ω–µ–º—É. –ú–æ–π —Ä–∞–∑–≥–∏–ª—å–¥—è–π –≤–Ω–æ–≤—å –ø–æ–ø—Ä–∏–≤–µ—Ç—Å—Ç–≤–æ–≤–∞–ª –º–µ–Ω—è, –æ—Ç–¥–∞–ª —Å—É–º–∫—É, –µ—â–µ –∏ –¥–æ –¥–æ–º–∞ –¥–æ–≤–µ–∑... –û–∫–∞–∑—ã–≤–∞–µ—Ç—Å—è, —Ä–µ–∞–ª—å–Ω–æ –≤–ª–∞–¥–µ–ª–µ—Ü –∫–∞—Ñ–µ –∏ –µ—â–µ –Ω–µ—Å–∫–æ–ª—å–∫–∏—Ö –∑–∞–≤–µ–¥–µ–Ω–∏–π –≤ –≥–æ—Ä–æ–¥–µ, –∞ —Å–µ–π—á–∞—Å –±–∞–Ω–∞–ª—å–Ω–æ –ø–æ–¥–º–µ–Ω—è–ª –¥–≤—É—Ö —Å–æ—Ç—Ä—É–¥–Ω–∏–∫–æ–≤ –Ω–∞ –±–æ–ª—å–Ω–∏—á–Ω–æ–º, ""–ü–æ–º–æ–≥–∞–ª —Å–≤–æ–∏–º —Ä–µ–±—è—Ç–∞–º"" –∏ —á—Ç–æ —Ä–µ–∞–ª—å–Ω–æ –ø–µ—Ä–∏–æ–¥–∏—á–Ω–æ –∫–æ—Ä–º–∏—Ç –±–µ–∑–¥–æ–º–Ω—ã—Ö –≤ –∫–∞—Ñ–µ, –Ω–µ—Å–∫–æ–ª—å–∫–∏—Ö —É—Å—Ç—Ä–æ–∏–ª –Ω–∞ —Ä–∞–±–æ—Ç—É... –ò —É–¥–∏–≤–∏—Ç–µ–ª—å–Ω–æ, —Ç–∞–∫–æ–π —Ö–æ—Ä–æ—à–∏–π –º–∞–ª—å—á–∏–∫. –ê —è –º—ã—Å–ª–µ–Ω–Ω–æ –±—É–∫–≤–∞–ª—å–Ω–æ –≥—Ä—è–∑—å—é –ø–æ–ª–∏–≤–∞–ª –µ–≥–æ. –°—Ç—ã–¥–Ω–æ.

#–î–æ–±—Ä–æ@pn6"
55,"–í–æ—Ç –º–Ω–µ –∏–Ω—Ç–µ—Ä–µ—Å–Ω–æ, —É –≤—Å–µ—Ö –µ—Å—Ç—å —Ñ–æ—Ç–æ–≥—Ä–∞—Ñ–∏—è –º–ª–∞–¥–µ–Ω—Ü–∞-—Å–µ–±—è, –≥–¥–µ –±–∞—Ç—è –¥–µ—Ä–∂–∏—Ç –Ω–∞ —Ä—É–∫–∞—Ö –Ω–∞ —Ñ–æ–Ω–µ –∫–æ–≤—Ä–∞ –Ω–∞ —Å—Ç–µ–Ω–µ?) –õ–∞–π–∫, —É –∫–æ–≥–æ —Ç–∞–∫)
___________________
–•–º–º... –†–µ–∞–ª—å–Ω–æ –∏–Ω—Ç–µ—Ä–µ—Å–Ω–æ. 

#–ñ–∏–∑–∞@pn6"
56,"–ï–¥–∏–Ω—Å—Ç–≤–µ–Ω–Ω–∞—è —Ö–æ—Ä–æ—à–∞—è –Ω–æ–≤–æ—Å—Ç—å –∑–∞ —Å–µ–≥–æ–¥–Ω—è: –∫ –Ω–∞–º –∑–∞—á–∞—Å—Ç–∏–ª —Ö–æ–¥–∏—Ç—å –µ–Ω–æ—Ç –≤ –ø–æ—Å–ª–µ–¥–Ω–µ–µ –≤—Ä–µ–º—è, –º—ã –µ–≥–æ –ø–æ–¥–∫–∞—Ä–º–ª–∏–≤–∞–µ–º, –∞ —Å–µ–≥–æ–¥–Ω—è –æ–Ω –ø—Ä–∏—à–µ–ª —Å –ø—É–∑—è–∫–æ–π. –ú–Ω–µ —É–∂–µ —Å—Ç–æ–∏—Ç –∂–¥–∞—Ç—å –º–∞–ª–µ–Ω—å–∫–∏—Ö –µ–Ω–æ—Ç—è—Ç? –ò–ª–∏ –æ–Ω –ø—Ä–æ—Å—Ç–æ –ø–æ—Ç–æ–ª—Å—Ç–µ–ª? –ö—Ç–æ-—Ç–æ –≤–æ–æ–±—â–µ –∑–Ω–∞–µ—Ç, –∫–∞–∫ —É—Ö–∞–∂–∏–≤–∞—Ç—å –∑–∞ –µ–Ω–æ—Ç—è—Ç–∞–º–∏? –ê –ø—Ä–∏–Ω–∏–º–∞—Ç—å —Ä–æ–¥—ã —É –µ–Ω–æ—Ç–æ–≤? –¢–∞–∫ –º–Ω–æ–≥–æ –≤–æ–ø—Ä–æ—Å–æ–≤ –∏ —Ç–∞–∫ –º–∞–ª–æ –æ—Ç–≤–µ—Ç–æ–≤(

#–ó–≤–µ—Ä–æ–ø–æ—Å—Ç@pn6 –∏ #–ú—ã—Å–ª–∏@pn6"
57,"–ü–æ–ª –≥–æ–¥–∞ –Ω–∞–∑–∞–¥ –ø—Ä–∏—Å–Ω–∏–ª–æ—Å—å, —á—Ç–æ —è –∑–∞—Å—Ç–∞–ª–∞ –∂–µ–Ω–∏—Ö–∞ –∑–∞ –∏–∑–º–µ–Ω–æ–π —Å –ª—É—á—à–µ–π –ø–æ–¥—Ä—É–≥–æ–π –Ω–∞ –∫–∞–∫–æ–π-—Ç–æ —Ç—É—Å–æ–≤–∫–µ –∏ —á–µ—Ä–µ–∑ –Ω–µ–¥–µ–ª—é –ø–æ—Å–ª–µ —ç—Ç–æ–≥–æ –º—ã —Ä–∞—Å—Å—Ç–∞–ª–∏—Å—å, –∏–±–æ –æ–Ω —Å –∫–æ—Ä–ø–æ—Ä–∞—Ç–∏–≤–∞ –ø—Ä–∏—à–µ–ª –¥–æ–º–æ–π –≤ —Å–µ–º—å —É—Ç—Ä–∞, –Ω–∏—á–µ–≥–æ –Ω–µ —Ä–∞—Å—Å–∫–∞–∑–∞–≤ –∏ –Ω–µ –ø—Ä–µ–¥—É–ø—Ä–µ–¥–∏–≤ –º–µ–Ω—è –∏ —Ç–∞–∫–æ–µ —É–∂–µ –Ω–µ –≤ –ø–µ—Ä–≤—ã–π —Ä–∞–∑, –Ω–µ —Ö–æ—Ç–µ–ª –∏–¥—Ç–∏ –¥–æ–º–æ–π. –ü–æ–∑–∂–µ –æ–∫–∞–∑–∞–ª–æ—Å—å, —á—Ç–æ –Ω–∞ —ç—Ç–æ–º –∫–æ—Ä–ø–æ—Ä–∞—Ç–∏–≤–µ –æ–Ω –∫–∞—Ç–∞–ª –∫ –∫–∞–∫–æ–π-—Ç–æ –¥–µ–≤—á–æ–Ω–∫–µ —Å —Ä–∞–±–æ—Ç—ã. –ò –ø–æ—Å–ª–µ —Ä–∞—Å—Å—Ç–∞–≤–∞–Ω–∏—è —è –∫–∞–∫–æ–µ-—Ç–æ –≤—Ä–µ–º—è –∂–∏–ª–∞ —É –ª—É—á—à–µ–π –ø–æ–¥—Ä—É–≥–∏, –∫–æ—Ç–æ—Ä–∞—è –±—ã–ª–∞ –≤ —ç—Ç–æ–º —Å–Ω–µ. –û—Ö —É–∂ —ç—Ç–∏ —Å—Ç—Ä–∞–Ω–Ω—ã–µ —Å–Ω—ã.

#–°–Ω—ã@pn6"
58,"–°–∏–∂—É –≤ –∫–∞—Ñ–µ-–ø–µ–∫–∞—Ä–Ω–µ, –∂–¥—É –ª—é–¥–µ–π –Ω–∞ –¥–µ–ª–æ–≤—É—é –≤—Å—Ç—Ä–µ—á—É. –ó–∞—Ö–æ–¥–∏—Ç –∂–µ–Ω—â–∏–Ω–∞ –ª–µ—Ç 60-—Ç–∏ —Å –º–∞–ª—å—á–∏—à–∫–æ–π –ª–µ—Ç 6-7. –°–∞–¥—è—Ç—Å—è —Ä—è–¥–æ–º —Å–æ –º–Ω–æ–π –∏ —è –Ω–µ–Ω–∞—Ä–æ–∫–æ–º —Å–ª—ã—à—É –∏—Ö –¥–∏–∞–ª–æ–≥: ""–î–∏–º–æ—á–∫–∞, –ø–æ—Ä—Ç—Ñ–µ–ª—å —Ç—è–∂–µ–ª—ã–π?""... ""–ù–µ—Ç"" - –æ—Ç–≤–µ—á–∞–µ—Ç –î–∏–º–æ—á–∫–∞. –ê –≤ —à–∫–æ–ª–µ —Ç–µ–±–µ —É—á–∏—Ç—å—Å—è —Ç—è–∂–µ–ª–æ? –ò —Ç—É—Ç, —Å –Ω–∞–ª–∏—Ç—ã–º–∏ –ø–µ—á–∞–ª—å—é –∏ –≥–æ—Ä–µ—á—å—é –≥–ª–∞–∑–∞–º–∏, –î–∏–º–æ—á–∫–∞ –æ—Ç–≤–µ—á–∞–µ—Ç: ""–ë–∞–±—É–ª—å, —Å —Ç–≤–æ–µ–π –¥–æ—á–∫–æ–π –∂–∏—Ç—å —Ç—è–∂–µ–ª–µ–π, —á–µ–º –ø–æ—Ä—Ç—Ñ–µ–ª—å, —á–µ–º –ø—Ä–∞–≤–æ–ø–∏—Å–∞–Ω–∏–µ –∏ —Ö–æ—Ç—å–±–∞ –≤ —à–∫–æ–ª—É"".

#–î–µ—Ç–∏@pn6"
59,"–í–µ—á–µ—Ä–æ–º –≤—ã—Ö–æ–∂—É –∏–∑ –º–∞–≥–∞–∑–∏–Ω–∞. –í–ø–µ—Ä–µ–¥–∏ –º–µ–Ω—è –∏–¥–µ—Ç –º–∞–º–∞, —Å–ª–µ–¥–æ–º –ø–ª–µ—Ç–µ—Ç—Å—è —Ä–µ–±–µ–Ω–æ–∫ , –Ω–∞ –≤–∏–¥ –ª–µ—Ç —Ç—Ä–µ—Ö, —á–µ—Ç—ã—Ä–µ—Ö. –£ –º–∞–º—ã –Ω–∞ –ø–ª–µ—á–µ —Å—É–º–∫–∞, –æ–±–µ —Ä—É–∫–∏ –∑–∞–Ω—è—Ç—ã –ø–∞–∫–µ—Ç–∞–º–∏. –†–µ–±–µ–Ω–æ–∫ –Ω–µ –ø–µ—Ä–µ—Å—Ç–∞–≤–∞—è, –∫–∞–Ω—é—á–∏—Ç: ""–ú–∞–º, –¥–∞–π —Ä—É—á–∫—É. –î-–∞-–∞-–∞–π —Ä—É—á–∫—É-—É-—É.."" –ú–∞–º–∞ –º–æ–ª—á–∞ —Å—Ç–∞–≤–∏—Ç –ø–∞–∫–µ—Ç—ã, –¥–æ—Å—Ç–∞–µ—Ç –∏–∑ —Å—É–º–∫–∏ —à–∞—Ä–∏–∫–æ–≤—É—é —Ä—É—á–∫—É –∏ –ø–æ–¥–∞–µ—Ç –µ–º—É. –î–µ—Ç–µ–Ω—ã—à –æ—à–∞—Ä–∞—à–µ–Ω–Ω–æ –µ–µ —Ä–∞—Å—Å–º–∞—Ç—Ä–∏–≤–∞–µ—Ç, –≥–æ–≤–æ—Ä–∏—Ç: ""–Ø –∂–µ –Ω–µ —Ç–∞–∫—É—é —Ö–æ—á—É. –ú–Ω–µ —Å –∫–æ—Å—Ç—è–º–∏ –Ω–∞–¥–æ"". –ò —Ä–∞—Å—Ç–æ–ø—ã—Ä–∏–≤–∞–µ—Ç –ø—è—Ç–µ—Ä–Ω—é. –û–¥–Ω–∞–∫–æ —Ö–Ω—ã–∫–∞—Ç—å –ø–µ—Ä–µ—Å—Ç–∞–µ—Ç. –ú–∞–º–∏–Ω –ø—Ä–∏–µ–º —Å—Ä–∞–±–æ—Ç–∞–ª.

#–õ–∞–π—Ñ—Ö–∞–∫@pn6"
60,"–í –æ–±—â–µ–º, –º–æ—è –¥–µ–≤—É—à–∫–∞ —Ä–µ—à–∏–ª–∞—Å—å –≤–µ—Å—Ç–∏ –±–ª–æ–≥! –ó–∞–ø–∏—Å—å –ø–µ—Ä–≤–æ–≥–æ –≤–∏–¥–µ–æ –æ–Ω–∞ –¥–æ–≤–µ—Ä–∏–ª–∞ —Å–≤–æ–µ–º—É –ø–∞—Ä–Ω—é - —Ç–æ –µ—Å—Ç—å –º–Ω–µ. –Ø –¥–µ—Ä–∂–∞–ª —Ç–µ–ª–µ—Ñ–æ–Ω –ø–µ—Ä–µ–¥ —Å–æ–±–æ–π, –∫–∞–∫ –ø—Ä–æ—Ñ–µ—Å—Å–∏–æ–Ω–∞–ª—å–Ω—ã–π –º–æ–±–∏–ª—å–Ω—ã–π –æ–ø–µ—Ä–∞—Ç–æ—Äüòè–Ø, –∫–∞–∫ ""–ø—Ä–æ—Ñ–µ—Å—Å–∏–æ–Ω–∞–ª—å–Ω—ã–π –æ–ø–µ—Ä–∞—Ç–æ—Ä"" –Ω–∞ —Å–∞–º–æ–º –¥–µ–ª–µ —Å–Ω–∏–º–∞–ª –Ω–µ –µ—ë, –∞ —Å–µ–±—è —Å —Ñ—Ä–æ–Ω—Ç–∞–ª—å–Ω–æ–π –∫–∞–º–µ—Ä—ã –∏ –æ—Ç–∫—Ä—ã–≤–∞–ª —Ä–æ—Ç –ø–æ–¥ –µ—ë –≥–æ–ª–æ—Å)) –ö–æ–≥–¥–∞ –æ–Ω–∞ –ø–æ–¥–ª–µ—Ç–µ–ª–∞ –∏ –≤–∑–≤—ã–ª–∞, –º–æ–ª, —á—ë –∑–∞ —Ñ–∏–≥–Ω—è, –æ—Ç–≤–µ—Ç–∏–ª: ""–§–∏–≥–Ω—è - —ç—Ç–æ –∏–¥–µ—è —Å–Ω–∏–º–∞—Ç—å –±–ª–æ–≥. –õ—É—á—à–µ –¥–µ–ª–æ–º —Ä–µ–∞–ª—å–Ω—ã–º –∑–∞–Ω—è—Ç—å—Å—è, –Ω–∞ —Ä–∞–±–æ—Ç—É —É—Å—Ç—Ä–æ–∏—Ç—å—Å—è, –Ω—É, –∏–ª–∏ —Ö–æ—Ç—è –±—ã –∑–∞ –¥–æ–º–æ–º —Å–ª–µ–¥–∏—Ç—å!"". –ê —á—Ç–æ–± –≤—ã –ø–æ–Ω–∏–º–∞–ª–∏, –∑–∞—Ä–∞–±–∞—Ç—ã–≤–∞—é —É –Ω–∞—Å —Ç–æ–ª—å–∫–æ —è, —É–±–∏—Ä–∞—é –¥–æ–º–∞ —Ç–æ–ª—å–∫–æ —è, –≥–æ—Ç–æ–≤–ª—é —Ç–æ–∂–µ –≤ –æ—Å–Ω–æ–≤–Ω–æ–º —è, –Ω—É –∏–ª–∏ –æ–Ω–∞ –∑–∞–∫–∞–∑—ã–≤–∞–µ—Ç –µ–¥—É... –í –æ–±—â–µ–º —Å–∏–¥–∏—Ç –≤ –∫–æ–º–Ω–∞—Ç–µ, –¥—É–µ—Ç—Å—è –Ω–∞ –º–µ–Ω—è, –∞ —è –¥—É–º–∞—é, –ø—Ä–∞–≤–∏–ª—å–Ω–æ –ª–∏ —è —Å–¥–µ–ª–∞–ª... –ö–∞–∫ –¥—É–º–∞–µ—Ç–µ, –ü–∞–ª–∞—Ç–æ–≤—Ü—ã, –ø—Ä–∞–≤–∏–ª—å–Ω–æ?
‚ù§2–∫ –ª–∞–π–∫–æ–≤ - –Ω–µ –ø—Ä–∞–≤–∏–ª—å–Ω–æ! –ø—É—Å—Ç—å –¥–µ–ª–∞–µ—Ç —á—Ç–æ —Ö–æ—á–µ—Ç!
‚ù§3–∫ –ª–∞–π–∫–æ–≤ - –ø—Ä–∞–≤–∏–ª—å–Ω–æ, –≤ —ç—Ç–æ–π —Å–∏—Ç—É–∞—Ü–∏–∏ –µ—Å—Ç—å –¥–µ–ª–∞ –ø–æ–≤–∞–∂–Ω–µ–µ –≤–∏–¥–æ—Å–æ–≤!
‚ù§4–∫ –ª–∞–π–∫–æ–≤ –∏ –±–æ–ª—å—à–µ - —Ç—ã –∑–∞—á–µ–º –≤–æ–æ–±—â–µ —Å –Ω–µ–π –≤—Å—Ç—Ä–µ—á–∞–µ—à—å—Å—è? –±—Ä–æ—Å–∞–π –µ—ë! —è —Å–≤–æ–±–æ–¥–Ω–∞!üòÖ
#–û—Ç–Ω–æ—à–µ–Ω–∏—è@pn6"
61,"–í—á–µ—Ä–∞ –ø—Ä–∏—à–ª–∞ –Ω–æ—á—å—é —Å —Ä–∞–±–æ—Ç—ã, –ø–æ—Å–ª–µ –¥—É—à–∞ –∑–∞–∫–∏–Ω—É–ª–∞ –Ω–∏–∂–Ω–µ–µ –±–µ–ª—å–µ –≤ —Å—Ç–∏—Ä–∞–ª—å–Ω—É—é –º–∞—à–∏–Ω—É. –° –ø–∞—Ä–Ω–µ–º –ø–æ—É–∂–∏–Ω–∞–ª–∏, —É–±–∏—Ä–∞—é —Å–æ —Å—Ç–æ–ª–∞, –æ—Ç–∫—Ä—ã–≤–∞—é —à–∫–∞—Ñ, –≥–¥–µ –º—É—Å–æ—Ä–Ω–æ–µ –≤–µ–¥—Ä–æ, –∏ –≤–∏–∂—É –≤ –Ω–µ–º –∂–µ–Ω—Å–∫–∏–µ —Ç—Ä—É—Å—ãü§®–£–∂–µ –Ω–∞—á–∏–Ω–∞—é –≤–æ–∑–º—É—â–∞—Ç—å—Å—è –∏ —Ç—É—Ç –ø–æ–Ω–∏–º–∞—é, —á—Ç–æ –Ω–µ —Å–æ–≤—Å–µ–º –≤ —Å—Ç–∏—Ä–∞–ª–∫—É —è —Ç—Ä—É—Å–∏–∫–∏-—Ç–æ –∑–∞–∫–∏–Ω—É–ª–∞...üòÖ

#–§–µ–π–ª@pn6"
62,"–î—Ä—É–∑—å—è ‚Äì —ç—Ç–æ –æ—Å–æ–±–µ–Ω–Ω—ã–µ –ª—é–¥–∏. –° –Ω–∏–º–∏ –º—ã –º–æ–∂–µ–º –±—ã—Ç—å –æ—Ç–∫—Ä–æ–≤–µ–Ω–Ω—ã. –ù–∞ –Ω–∏—Ö –º—ã –≤—Å–µ–≥–¥–∞ –º–æ–∂–µ–º –ø–æ–ª–æ–∂–∏—Ç—å—Å—è, –Ω–æ —á—Ç–æ –¥–µ–ª–∞—Ç—å, –µ—Å–ª–∏ —Ç–µ–±–µ –Ω–∏–∫–∞–∫ –Ω–µ —É–¥–∞–µ—Ç—Å—è –∑–∞–≤–æ–¥–∏—Ç—å –Ω–æ–≤—ã–µ –∑–Ω–∞–∫–æ–º—Å—Ç–≤–∞ –≤ —Ä–µ–∂–∏–º–µ –≤–∏—Ä—Ç—É–∞–ª—å–Ω–æ–≥–æ –≤—Ä–µ–º–µ–Ω–∏? –û—Ç–≤–µ—Ç –æ–¥–∏–Ω ‚Äì –Ω—É–∂–Ω–æ –∑–∞—Ö–æ–¥–∏—Ç—å –≤ –Ω–∞—à –∞–ª—å–±–æ–º ""–ë–µ–∑ –≥—Ä–∞–Ω–∏—Ü"" –∏ –Ω–∞—Ö–æ–¥–∏—Ç—å —Ç–∞–º –Ω–æ–≤—ã—Ö –¥—Ä—É–∑–µ–π, –ø—Ä–∏—á–µ–º –∏–∑ —Ç–≤–æ–µ–≥–æ —Ä–æ–¥–Ω–æ–≥–æ –≥–æ—Ä–æ–¥–∞üòâ

–î–ª—è —ç—Ç–æ–≥–æ —Å–ª–µ–¥—É–π –ø—Ä–æ—Å—Ç–æ–π –∏–Ω—Å—Ç—Ä—É–∫—Ü–∏–∏:

‚úè–ù–∞—Ö–æ–¥–∏ —Ñ–æ—Ç–æ–≥—Ä–∞—Ñ–∏—é —Å–≤–æ–µ–≥–æ –≥–æ—Ä–æ–¥–∞ –≤ –∞–ª—å–±–æ–º–µ.
‚úè–í –∫–æ–º–º–µ–Ω—Ç–∞—Ä–∏—è—Ö –æ–±—â–∞–π—Å—è —Å–æ —Å–≤–æ–∏–º–∏ –∑–µ–º–ª—è–∫–∞–º–∏-–ø–∞–ª–∞—Ç–æ–≤—Ü–∞–º–∏, –∏ –¥–æ–≥–æ–≤–∞—Ä–∏–≤–∞–π—Å—è —Å –Ω–∏–º–∏ –æ –≤—Å—Ç—Ä–µ—á–µ :)

–ü–û–ï–•–ê–õ–ò!"
63,–ë–ª–∏–∑–∫–∏–µ –≤—Å–µ–≥–¥–∞ —Ä—è–¥–æ–º. –ò –≤—Å–µ–≥–¥–∞ –æ–±–µ—Ä–µ–≥–∞—é—Ç))
64,"–ü—Ä–∏–µ—Ö–∞–ª–∏ –º—ã –∫ –±–∞–±—É—à–∫–µ —Å–æ —Å–≤–æ–∏–º–∏ –¥–µ—Ç—å–º–∏, –æ–Ω–∏ –ø–æ–±–µ–∂–∞–ª–∏ –∏–≥—Ä–∞—Ç—å, –º—ã —Å–≤–æ–∏–º–∏ –¥–µ–ª–∞–º–∏ –∑–∞–Ω–∏–º–∞–ª–∏—Å—å. –ß–µ—Ä–µ–∑ –∫–∞–∫–æ–µ-—Ç–æ –≤—Ä–µ–º—è —è –ø–æ—à–ª–∞ –ø—Ä–æ–≤–µ—Ä–∏—Ç—å –¥–µ—Ç–µ–π, –∞ –æ–Ω–∏ –æ–±–∫–ª–µ–∏–≤–∞—é—Ç –º–∞–ª–µ–Ω—å–∫—É—é –¥–≤–µ—Ä—å —Ç–∞–±–ª–∏—á–∫–∞–º–∏, –∫–æ—Ç–æ—Ä—ã–µ –æ–Ω–∏ —Å–∞–º–∏ –Ω–∞—Ä–∏—Å–æ–≤–∞–ª–∏, —Ç–∏–ø–∞ ""–û–ø–∞—Å–Ω–æ—Å—Ç—å!"", ""–ù–µ –≤—Ö–æ–¥–∏—Ç—å!"", –ø–µ—Ä–µ–≤—è–∑—ã–≤–∞—é—Ç –ª–µ–Ω—Ç–∞–º–∏ –≤—Å—è–∫–∏–º–∏, –∫–æ—Ç–æ—Ä—ã–µ –Ω–∞—à–ª–∏ –≥–¥–µ-—Ç–æ —É –±–∞–±—É—à–∫–∏ –≤ –∫–æ–º–æ–¥–µ‚Ä¶ –°–ø—Ä–∞—à–∏–≤–∞—é, –º–æ–ª, —á—Ç–æ —ç—Ç–æ?) –ò –º–Ω–µ —Å—ã–Ω —Ç—Ä–µ–≤–æ–∂–Ω–æ –æ—Ç–≤–µ—á–∞–µ—Ç: ""–ú—ã –æ–±–Ω–∞—Ä—É–∂–∏–ª–∏ –∑–¥–µ—Å—å –ø–æ—Ä—Ç–∞–ª! –û—Ç—Ç—É–¥–∞ –≤–µ–µ—Ç —Ö–æ–ª–æ–¥–æ–º –∏ —Å—Ç—Ä–∞—Ö–æ–º! –ú—ã –Ω–µ —Ö–æ—Ç–∏–º, —á—Ç–æ–± –∫—Ç–æ-—Ç–æ –ø–æ—Å—Ç—Ä–∞–¥–∞–ª!"". –ì–æ–≤–æ—Ä—é: ""–ò –∫–∞–∫–∏–µ –∂–µ –º–µ—Ä—ã –ø—Ä–µ–¥–æ—Å—Ç–æ—Ä–æ–∂–Ω–æ—Å—Ç–∏ –≤—ã –ø—Ä–∏–Ω—è–ª–∏?"". –°—ã–Ω –æ—Ç–≤–µ—á–∞–µ—Ç: ""–ú—ã —Å–¥–µ–ª–∞–ª–∏ —Ç–∞–±–ª–∏—á–∫–∏ —Å –ø—Ä–µ–¥—É–ø—Ä–µ–∂–¥–µ–Ω–∏—è–º–∏, –ø–æ–≤–µ—Å–∏–ª–∏ –ª–µ–Ω—Ç—É –¥–ª—è –ø—Ä–∏–≤–ª–µ—á–µ–Ω–∏—è –≤–Ω–∏–º–∞–Ω–∏—è, –∏ –µ—â–µ –Ω–∞—à–ª–∏ —É –±–∞–±—É—à–∫–∏ –∫–ª–µ–π‚Ä¶"" –•–µ-—Ö–µ, –¥–µ—Ç–∏... –¢–∞–∫, —Å—Ç–æ–ø! –ß—Ç–æ? –ö–ª–µ–π?! –ö–æ—Ä–æ—á–µ –≥–æ–≤–æ—Ä—è, –¥–µ—Ç–∏—à–∫–∏ —á—É–¥–æ–º –Ω–∞—à–ª–∏ –∏ –∑–∞–∫–ª–µ–∏–ª–∏ —Å—Ç—Ä–æ–∏—Ç–µ–ª—å–Ω—ã–º —Å—É–ø–µ—Ä–∫–ª–µ–µ–º –±–∞–±—É—à–∫–µ –¥–≤–µ—Ä—å –≤ –ø–æ–¥–≤–∞–ª, —á—Ç–æ–± –æ—Ç —Ç—É–¥–∞ –Ω–µ –≤–µ—è–ª–æ ""—Ö–æ–ª–æ–¥–æ–º –∏ —Å—Ç—Ä–∞—Ö–æ–º""...ü§¶‚Äç‚ôÄ

#–î–µ—Ç–∏@pn6"
65,#–í–µ—Å–µ–ª—É—à–∫–∏@pn6
66,"–í –Ω–∞—á–∞–ª–µ —ç—Ç–æ–≥–æ –≥–æ–¥–∞, –∫ –Ω–∞–º –≤ –∫–ª–∞—Å—Å –ø—Ä–∏—à–µ–ª –Ω–æ–≤–µ–Ω—å–∫–∏–π. –ü–∞—Ä–µ–Ω—å –∏–∑ –º–∞–ª–æ–æ–±–µ—Å–ø–µ—á–µ–Ω–Ω–æ–π –º–Ω–æ–≥–æ–¥–µ—Ç–Ω–æ–π —Å–µ–º—å–∏. –ù–æ —Å–∞–º –ø–æ —Å–µ–±–µ –≤–ø–æ–ª–Ω–µ –º–∏–ª—ã–π, —É–º–Ω—ã–π, –∏ –¥–æ –∂—É—Ç–∏ —Å—Ç–µ—Å–Ω–∏—Ç–µ–ª—å–Ω—ã–π. –¢–∞–∫ –∫–∞–∫ —É –Ω–µ–≥–æ –µ—Å—Ç—å –µ—â–µ –¥–≤–∞ —Å—Ç–∞—Ä—à–∏—Ö –±—Ä–∞—Ç–∞, –æ–Ω –≤—Å—ë –≤—Ä–µ–º—è –¥–æ–Ω–∞—à–∏–≤–∞–µ—Ç –∑–∞ –Ω–∏–º–∏ –æ–¥–µ–∂–¥—É, –Ω—É –∞ –≤—ã —Å–∞–º–∏ –ø–æ–Ω–∏–º–∞–µ—Ç–µ, –∫–∞–∫ –≤—ã–≥–ª—è–¥—è—Ç –≤–µ—â–∏, –∫–æ—Ç–æ—Ä—ã–µ –¥–æ —Ç–µ–±—è –Ω–æ—Å–∏–ª–∏ —É–∂–µ –¥–≤–æ–µ‚Ä¶ –°–µ–≥–æ–¥–Ω—è —É –î–∏–º—ã –¥–µ–Ω—å —Ä–æ–∂–¥–µ–Ω–∏—è, –∏ –º—ã —Å –∫–ª–∞—Å—Å–æ–º –ø—Ä–æ—Å—Ç–æ –Ω–µ –º–æ–≥–ª–∏ –æ—Å—Ç–∞–≤–∏—Ç—å –µ–≥–æ –±–µ–∑ –ø–æ–¥–∞—Ä–∫–æ–≤! –ú—ã —Å–æ–±—Ä–∞–ª–∏ —Ü–µ–ª—É—é –∫–æ—Ä–æ–±–∫—É —Å –ø–æ–¥–∞—Ä–∫–∞–º–∏, (–Ω–∞—Å –≤ –∫–ª–∞—Å—Å–µ –≤—Å—ë-—Ç–∞–∫–∏ –Ω–µ 3 —á–µ–ª–æ–≤–µ–∫–∞, –∞ 26üòè), –≤ –∫–æ—Ä–æ–±–∫—É –º—ã –ø–æ–ª–æ–∂–∏–ª–∏ –∏ –Ω–æ–≤—ã—Ö —Ç—ë–ø–ª—ã—Ö –≤–µ—â–µ–π, –∏ –≤–∫—É—Å–Ω—è—à–∫–∏ –≤—Å—è–∫–∏–µ, –∏ –∫—Ç–æ-—Ç–æ –¥–∞–∂–µ –Ω–æ—á–Ω–∏–∫ –∫—É–ø–∏–ª –≤ –≤–∏–¥–µ –ª—É–Ω—ã! –ö–æ–≥–¥–∞ –î–∏–º–∞ —Ä–∞—Å–ø–∞–∫–æ–≤—ã–≤–∞–ª –ø–æ–¥–∞—Ä–æ–∫, –æ–Ω –ø—Ä–æ—Å—Ç–æ —Ä—ã–¥–∞–ª –æ—Ç —Å—á–∞—Å—Ç—å—è –∏ –≤—Å—ë –≤—Ä–µ–º—è –ø–æ–≤—Ç–æ—Ä—è—Ç: ""–†–µ–±—è—Ç–∞–∞–∞! –°–ø–∞—Å–∏–±–æ–æ! –°–ø–∞—Å–∏–±–æ–æ–æ, —Ä–µ–±—è—Ç–∞–∞!"", –Ω—É –∏ –º—ã –≤—Å–µ —Ç–æ–∂–µ –Ω–µ –º–æ–≥–ª–∏ —É–¥–µ—Ä–∂–∞—Ç—å —Å–ª—ë–∑ –æ—Ç —Ç–∞–∫–æ–≥–æ —Ç—Ä–æ–≥–∞—Ç–µ–ª—å–Ω–æ–≥–æ –º–æ–º–µ–Ω—Ç–∞) –¢–≤–æ—Ä–∏—Ç–µ –¥–æ–±—Ä–æ, –¥—Ä—É–∑—å—èüòå–ù—É –∏ –ø–æ—Å—Ç–∞–≤—å—Ç–µ –ª–∞–π–∫, –ø–æ–∑–¥—Ä–∞–≤–∏–≤ –î–∏–º–∫—É —Å –¥–Ω—ë–º —Ä–æ–∂–¥–µ–Ω–∏—èü•≥

#–î–æ–±—Ä–æ@pn6"
67,"–£—á—É—Å—å –≤ –º–µ–¥–µ, –∏ —Å–µ–≥–æ–¥–Ω—è –±—ã–ª–æ —Ä–µ—à–µ–Ω–æ –Ω–∞–≤–µ—Å—Ç–∏ ""–Ω–æ–≤–æ–≥–æ–¥–Ω–∏–π –º–∞—Ä–∞—Ñ–µ—Ç"" –≤ –∫–∞–±–∏–Ω–µ—Ç–µ –∏ –≤—Å—ë —É–∫—Ä–∞—Å–∏—Ç—å! –í—Å—ë –±—ã –Ω–∏—á–µ–≥–æ, –Ω–æ –≤–º–µ—Å—Ç–æ —ë–ª–∫–∏ –º—ã –Ω–∞—Ä—è–∂–∞–µ–º –º–æ–¥–µ–ª–∏ —Å–∫–µ–ª–µ—Ç–æ–≤ —á–µ–ª–æ–≤–µ–∫–∞! –°–∫–µ–ª–µ—Ç –ú–∞–∫—Å - —É –Ω–∞—Å –≤ –∫–æ—Å—Ç—é–º–µ –¥–µ–¥–∞ –º–æ—Ä–æ–∑–∞ —Ç–µ–ø–µ—Ä—å, –∞ —Å–∫–µ–ª–µ—Ç –°—Ç—ç–Ω —Å–∏—è–µ—Ç –≤ –Ω–æ–≤–æ–≥–æ–¥–Ω–∏—Ö –≥–∏—Ä–ª—è–Ω–¥–∞—Öü§£

#–£–Ω–∏–≤–µ—Ä@pn6"
68,"–í —Å–∏–ª—É —Å–≤–æ–µ–≥–æ –≤–æ–∑—Ä–∞—Å—Ç–∞, —á–∞—Å—Ç–æ –±—ã–≤–∞—é –≤ –∞–ø—Ç–µ–∫–µ. –ú–µ–Ω—è –Ω–µ —É–¥–∏–≤–ª—è–µ—Ç, –∫–æ–≥–¥–∞ –æ—Ç –¥–∞–≤–ª–µ–Ω–∏—è –ø—Ä–æ—Å—è—Ç —Ç–∞–±–ª–µ—Ç–∫–∏ ""—Ç–∞–∫–∏–µ –º–∞–ª–µ–Ω—å–∫–∏–µ, –∂–µ–ª—Ç–µ–Ω—å–∫–∏–µ..."", –Ω–æ –æ–¥–∏–Ω –º—É–∂–∏–∫ –æ—Ç–ª–∏—á–∏–ª—Å—è. –ì–æ–≤–æ—Ä–∏—Ç: ""–£ –≤–∞—Å –µ—Å—Ç—å –∞—Ü–µ—Ç–∏–ª—Å–∞–ª–∏—Ü–∏–ª–æ–≤–∞—è –∫–∏—Å–ª–æ—Ç–∞?"", –µ–º—É –æ—Ç–≤–µ—á–∞—é—Ç: ""–î–∞. –í–∞–º —Å–∫–æ–ª—å–∫–æ?"". –ò –æ–Ω: ""–ù–∞ 25 —Ç—Ä—ë—Ö–ª–∏—Ç—Ä–æ–≤—ã—Ö –±–∞–Ω–æ–∫ –æ–≥—É—Ä—Ü–æ–≤""! –¢–∞–∫ –∏ —Å—Ç–æ—è–ª–∏, –¥–µ–≤–æ—á–∫–∞ —Ñ–∞—Ä–º–∞—Ü–µ–≤—Ç —Å –æ–∫—Ä—É–≥–ª–∏–≤—à–∏–º–∏—Å—è –≥–ª–∞–∑–∞–º–∏, –∏ —è, –ª–∏—Ö–æ—Ä–∞–¥–æ—á–Ω–æ –≤ —É–º–µ –ø–µ—Ä–µ–≤–æ–¥—è—â–∞—è –ª–∏—Ç—Ä—ã –≤ –º–∏–ª–ª–∏–≥—Ä–∞–º–º—ãü§¶‚Äç‚ôÄüòÖ

#–≠–∫—Å–ø–æ–Ω–∞—Ç@pn6"
69,"–ü—Ä–æ—Ö–æ–∂—É —Å–µ–π—á–∞—Å –ø—Ä–∞–∫—Ç–∏–∫—É –≤ —à–∫–æ–ª–µ, —Å–µ–≥–æ–¥–Ω—è –∏–¥—É –ø–æ –∫–æ—Ä–∏–¥–æ—Ä—É, –Ω–µ—Å—É –∑–≤–æ–Ω–æ–∫ (—É—á–∏—Ç–µ–ª—å, –∑–∞ –∫–æ—Ç–æ—Ä—ã–º —è –∑–∞–∫—Ä–µ–ø–ª–µ–Ω, –ø–æ–ø—Ä–æ—Å–∏–ª –ø—Ä–∏–Ω–µ—Å—Ç–∏, –Ω—É–∂–µ–Ω –±—ã–ª –¥–ª—è –Ω–æ–≤–æ–≥–æ–¥–Ω–µ–π –ø–æ—Å—Ç–∞–Ω–æ–≤–∫–∏), —Ç—É—Ç –º–Ω–µ –Ω–∞–≤—Å—Ç—Ä–µ—á—É –∏–¥–µ—Ç –∑–∞–≤—É—á. –ì–æ–≤–æ—Ä–∏—Ç: ""–ê –∑–∞—á–µ–º —Ç–µ–±–µ –∑–≤–æ–Ω–æ–∫?"". –ì–æ–≤–æ—Ä—é: ""–ó–≤–æ–Ω–æ–∫ –¥–ª—è —É—á–∏—Ç–µ–ª—è"". –ü–∞—Ä–∞ —Å–µ–∫—É–Ω–¥ –º–æ–ª—á–∞–Ω–∏—è. –û–Ω: ))), —è: )))... –ù—É –Ω–∞–∫–æ–Ω–µ—Ü-—Ç–æ —ç—Ç–∞ —Ñ—Ä–∞–∑–∞ —Ö–æ—Ç—å –≥–¥–µ-—Ç–æ –∑–≤—É—á–∏—Ç –æ–ø—Ä–∞–≤–¥–∞–Ω–æ!üòÖ

#–ü–æ–≥–æ–≤–æ—Ä–∏–ª–∏@pn6"
70,"–ê —á–µ–º –±–æ–ª—å—à–µ –ª–∞–π–∫–æ–≤ –Ω–∞–±–∏—Ä–∞–µ—Ç –ø–æ—Å—Ç, —Ç–µ–º –±–æ–ª—å—à–µ –≤–µ—Ä–æ—è—Ç–Ω–æ—Å—Ç–∏ –∏—Å–ø–æ–ª–Ω–µ–Ω–∏—è –ø—Ä–µ–¥—Å–∫–∞–∑–∞–Ω–∏—èüòè
#–í–µ—Å–µ–ª—É—à–∫–∏@pn6"
71,"–ú–Ω–µ: –Ω–∞–¥–æ –≥–æ—Ç–æ–≤–∏—Ç—å—Å—è –∫ 1000 –∏ 1 –∑–∞—á–µ—Ç—É, –∫–æ—Ç–æ—Ä—ã–µ –º–µ–Ω—è –∂–¥—É—Ç –Ω–∞ —ç—Ç–æ–π –Ω–µ–¥–µ–ª–µ. –Ø: —Å–∏–∂—É.

#–ñ–∏–∑–∞@pn6"
72,"–ü—Ä–∏—à–ª–∞ —Å–µ–≥–æ–¥–Ω—è –∫ –ø–æ–¥—Ä—É–≥–µ –¥–æ–º–æ–π. –û–Ω–∞ –∫–∞–∫ —Ä–∞–∑ —è—â–∏–∫ –ø–µ—Ä–µ–±–∏—Ä–∞–ª–∞, –∏ –¥–æ—Å—Ç–∞–ª–∞ —Å–≤–æ–π —à–∫–æ–ª—å–Ω—ã–π –∞–ª—å–±–æ–º. –†–µ—à–∏–ª–∞ –µ–≥–æ –ø–æ—Å–º–æ—Ç—Ä–µ—Ç—å, –æ—Ç–∫—Ä—ã–≤–∞—é, –∞ —Ç–∞–º –∞–±—Å–æ–ª—é—Ç–Ω–æ –≤—Å–µ –ª–∏—Ü–∞ (–∫—Ä–æ–º–µ —Å–∞–º–æ–π –ø–æ–¥—Ä—É–≥–∏) –∑–∞–∫–ª–µ–µ–Ω—ã –º–æ—Ä–¥–∞–º–∏ –≤—Å—Ä–∞—Ç—ã—Ö –∂–∏–≤–æ—Ç–Ω—ã—Ö! –û—Ç —É–≤–∏–¥–µ–Ω–Ω–æ–≥–æ —è –Ω–∞ –Ω–µ—ë –≤–æ–ø—Ä–æ—Å–∏—Ç–µ–ª—å–Ω–æ –ø–æ—Å–º–æ—Ç—Ä–µ–ª–∞, –∏ –æ–Ω–∞ –≥–æ–≤–æ—Ä–∏—Ç: ""–ù–µ, –Ω—É –∞ —á—ë, —É –Ω–∞—Å –≤ –∫–ª–∞—Å—Å–µ –æ–¥–Ω–∏ –ø—Ä–∏–¥—É—Ä–∫–∏ –±—ã–ª–∏, —Ç–∞–º –≤—Å—ë –ø–æ –¥–µ–ª—É –∑–∞–∫–ª–µ–µ–Ω–æ!""ü§£

#–î–µ—Ç—Å—Ç–≤–æ@pn6"
73,"–î—Ä—É–≥ –ø–æ—Å—Ç–æ—è–Ω–Ω–æ –∑–≤–∞–ª –º–µ–Ω—è –≤—ã–π—Ç–∏, –ø–æ—Ç—É—Å–∏—Ç—å, –Ω–æ —è –≤—Å—ë –æ—Ç–∫–ª–∞–¥—ã–≤–∞–ª –∏ –ø–µ—Ä–µ–Ω–æ—Å–∏–ª –≤—Å—Ç—Ä–µ—á–∏. –°–∏–∂—É –≤–µ—á–µ—Ä–æ–º –¥–æ–º–∞, –≤–¥—Ä—É–≥ —Å—Ç—É–∫‚Ä¶ –í –æ–∫–Ω–æ! –ü–æ–¥—Ö–æ–∂—É - –≥–æ–ª—É–±—å‚Ä¶ –° –∑–∞–ø–∏—Å–∫–æ–π! –û—Ç–∫—Ä—ã–ª –æ–∫–Ω–æ, —Å–Ω—è–ª —Å –≥–æ–ª—É–±—è –∑–∞–ø–∏—Å–∫—É, —á–∏—Ç–∞—é: ""–ì–æ –Ω–∞ –ø–∏–≤–∫–æ, –∑–∞*–±–∞–ª!""‚Ä¶ –í—ã–µ–∑–∂–∞—é! 

#–î—Ä—É–∑—å—è@pn6"
74,"–ê —á—Ç–æ –µ—Å–ª–∏ —Å–Ω—ã ‚Äî —ç—Ç–æ –∞–ª—å—Ç–µ—Ä–Ω–∞—Ç–∏–≤–Ω—ã–µ –≤–∞—Ä–∏–∞–Ω—Ç—ã —Ä–∞–∑–≤–∏—Ç–∏—è –Ω–∞—à–µ–≥–æ –±—É–¥—É—â–µ–≥–æ? 

#–ú—ã—Å–ª–∏@pn6"
75,"–ü–æ—á–µ–º—É? –í–æ—Ç –ø–æ—á–µ–º—É –∫–∞–∂–¥—ã–π —Ä–∞–∑, –∫–æ–≥–¥–∞ —è —Å–ª—ã—à—É ""–ú–æ—Ä–¥–æ–≤–∏—è"" - —è —Å—Ä–∞–∑—É –∂–µ –ø—Ä–µ–¥—Å—Ç–∞–≤–ª—è—é –§—Ä–æ–¥–æ, –∫–æ–ª—å—Ü–æ –∏ –æ–∫–æ –°–∞—É—Ä–æ–Ω–∞?! –≠—Ç–æ –ª–µ—á–∏—Ç—Å—è –∫–∞–∫-—Ç–æ?!ü§£

#–û–ø—Ä–æ—Å@pn6"
76,"–í–æ—Ç —Ç—ã —Ç–∞–∫–æ–π –∫–∞–∂–¥—ã–π –¥–µ–Ω—å —É–º–∏—Ä–∞–µ—à—å –Ω–∞ —Ä–∞–±–æ—Ç–µ, –∞ –ø–æ—Ç–æ–º –≤–¥—Ä—É–≥ –∑–∞–±–æ–ª–µ–≤–∞–µ—à—å, –ª–µ–∂–∏—à—å –¥–æ–º–∞, –¥—ã—à–∞—Ç—å –Ω–µ –º–æ–∂–µ—à—å, —Å–ø–∞—Ç—å –Ω–µ –º–æ–∂–µ—à—å, –≤—Å—ë —Ç–µ–ª–æ –ª–æ–º–∏—Ç, —Ç–µ–º–ø–µ—Ä–∞—Ç—É—Ä–∞ —Ö–µ—Ä–∞—á–∏—Ç, –∏ —Ç—ã –≤—Å–ø–æ–º–∏–Ω–∞–µ—à—å, –∫–∞–∫–∏–µ –∂–µ –ø—Ä–µ–∫—Ä–∞—Å–Ω—ã–µ —Ç–µ –¥–µ–Ω—å–∫–∏ –Ω–∞ —Ä–∞–±–æ—Ç–µ –±—ã–ª–∏!üò©

#–ñ–∏–∑–∞@pn6"
77,
78,"–î–æ–ª–∂–Ω—ã –±—ã–ª–∏ –ø–æ–µ—Ö–∞—Ç—å —Å –º—É–∂–µ–º –≤ –Ω–∞—à–µ (–∏ –º–æ—ë) –ø–µ—Ä–≤–æ–µ –ø—É—Ç–µ—à–µ—Å—Ç–≤–∏–µ! –í –ü–∞—Ä–∏–∂! –Ø –±—ã–ª–∞ —Ç–∞–∫ –≤–∑–≤–æ–ª–Ω–æ–≤–∞–Ω–∞ –∏ —Ç–∞–∫ —É—Å–µ—Ä–¥–Ω–æ –≥–æ—Ç–æ–≤–∏–ª–∞—Å—å, —á—Ç–æ –∑–∞ –ø–∞—Ä—É –¥–Ω–µ–π –¥–æ –ø–æ–µ–∑–¥–∫–∏ –¥–∏–∫–æ –∑–∞–±–æ–ª–µ–ª–∞! –ó–∞–±–æ–ª–µ–ª–∞ –Ω–∞—Å—Ç–æ–ª—å–∫–æ, —á—Ç–æ –ª–µ—Ç–µ—Ç—å –Ω–µ–ª—å–∑—è –±—ã–ª–æ‚Ä¶ –°–¥–∞–ª–∏ –±–∏–ª–µ—Ç—ã, –æ—Ç–º–µ–Ω–∏–ª–∏ –≤—Å–µ –±—Ä–æ–Ω–∏‚Ä¶ –¢–æ - –Ω–∞—Å–∫–æ–ª—å–∫–æ —è –±—ã–ª–∞ —Ä–∞—Å—Å—Ç—Ä–æ–µ–Ω–∞ - –ø—Ä–æ—Å—Ç–æ –Ω–µ –ø–µ—Ä–µ–¥–∞—Ç—å... –ù–∞—Å—Ç—É–ø–∞–µ—Ç —Ç–æ—Ç –¥–µ–Ω—å, –∫–æ–≥–¥–∞ –º—ã –¥–æ–ª–∂–Ω—ã –±—ã–ª–∏ –≤—ã–ª–µ—Ç–∞—Ç—å, —è –ø—Ä—è–º —á—É–≤—Å—Ç–≤—É—é, –∫–∞–∫ –Ω–µ —Ö–æ—á—É, —á—Ç–æ–± —ç—Ç–æ—Ç –¥–µ–Ω—å –Ω–∞—Å—Ç—É–ø–∞–ª, –∏ —Å–ø–µ—Ü–∏–∞–ª—å–Ω–æ –∑–∞—Å—Ç–∞–≤–ª—è—é —Å–µ–±—è —Å–ø–∞—Ç—å –ø–æ–¥–æ–ª—å—à–µ, –¥–∞–∂–µ –≥–ª–∞–∑–∞ –Ω–µ –æ—Ç–∫—Ä—ã–≤–∞—é. –¢—É—Ç –∑–∞—Ö–æ–¥–∏—Ç –º—É–∂, —Å —á–µ–º-—Ç–æ –¥–∏–∫–æ –≤–∫—É—Å–Ω–æ –ø–∞—Ö–Ω—É—â–∏–º! –ì–æ–≤–æ—Ä–∏—Ç: ""–õ—é–±–∏–º–∞—è, –æ—Ç–∫—Ä–æ–π –≥–ª–∞–∑–∞"". –Ø –æ—Ç–∫—Ä—ã–≤–∞—é –∏ –æ—Ç –∏–∑—É–º–ª–µ–Ω–∏—è, –≤–º–µ—Å—Ç–µ —Å –≥–ª–∞–∑–∞–º–∏ –æ—Ç–∫—Ä—ã–ª—Å—è –∏ —Ä–æ—Ç! –ú—É–∂ –≤–∫–ª—é—á–∞–µ—Ç –º—É–∑—ã–∫—É, –≥–¥–µ –¥–µ–≤—É—à–∫–∞ –ø—Ä–µ–ª–µ—Å—Ç–Ω–æ –ø–æ–µ—Ç –Ω–∞ —Ñ—Ä–∞–Ω—Ü—É–∑—Å–∫–æ–º, —Å–∞–º –æ–Ω –≤ –≤ –±–µ–ª–æ–π –≤ —á–µ—Ä–Ω—É—é –ø–æ–ª–æ—Å–∫—É –∫–æ—Ñ—Ç–µ, —Å —á–µ—Ä–Ω—ã–º —à–∞—Ä—Ñ–∏–∫–æ–º –∏ –±–µ—Ä–µ—Ç–æ–º –Ω–∞ –≥–æ–ª–æ–≤–µ, –≤ —Ä—É–∫–∞—Ö —É –Ω–µ–≥–æ –±–µ–∑—É–º–Ω–æ –∞—Ä–æ–º–∞—Ç–Ω—ã–µ –∫–æ—Ñ–µ –∏ –∫—Ä—É–∞—Å—Å–∞–Ω—ã, –∞ –æ–∫–Ω–∞ –ø–æ–ª–Ω–æ—Å—Ç—å—é –∑–∞–∫–ª–µ–µ–Ω—ã –ø–∞—Ä–∏–∂—Å–∫–∏–º–∏ –≤–∏–¥–∞–º–∏, —á—Ç–æ –≤ —Ü–µ–ª–æ–º —Å–æ–∑–¥–∞–µ—Ç –Ω–µ—Ä–µ–∞–ª—å–Ω—É—é –∞—Ç–º–æ—Å—Ñ–µ—Ä—É –§—Ä–∞–Ω—Ü–∏–∏! –û–Ω –ø–æ–¥—Ö–æ–¥–∏—Ç –∫–æ –º–Ω–µ, —Å—Ç–∞–≤–∏—Ç –ø–æ–¥–Ω–æ—Å —Å —á—É–¥–µ—Å–Ω—ã–º –∑–∞–≤—Ç—Ä–∞–∫–æ–º, –Ω–∞–¥–µ–≤–∞–µ—Ç –Ω–∞ –º–µ–Ω—è –±–µ—Ä–µ—Ç –∏ –≥–æ–≤–æ—Ä–∏—Ç: ""–ñ–µ–Ω—è—Å—å –Ω–∞ —Ç–µ–±–µ, —è –¥–∞–ª –æ–±–µ—â–∞–Ω–∏–µ —Ä–∞–¥–æ–≤–∞—Ç—å —Ç–µ–±—è –∫–∞–∂–¥—ã–π –¥–µ–Ω—å. –ù–µ–≤–∞–∂–Ω–æ, —á—Ç–æ –º—ã –Ω–µ —Å–º–æ–≥–ª–∏ –ø–æ–µ—Ö–∞—Ç—å, —É –Ω–∞—Å –µ—â–µ —Ü–µ–ª–∞—è –∂–∏–∑–Ω—å –≤–ø–µ—Ä–µ–¥–∏, —á—Ç–æ–±—ã –æ–±—ä–µ–∑–¥–∏—Ç—å –≤–µ—Å—å –º–∏—Ä. –ü–æ—ç—Ç–æ–º—É –ø—Ä–µ–∫—Ä–∞—â–∞–π —Ä–∞—Å—Å—Ç—Ä–∞–∏–≤–∞—Ç—å—Å—è –∏ –µ—à—å –∫—Ä—É–∞—Å—Å–∞–Ω, –ø–æ–∫–∞ –≥–æ—Ä—è—á–∏–π! –Ø –≤–∑—è–ª –≤—ã—Ö–æ–¥–Ω–æ–π —Å–µ–≥–æ–¥–Ω—è, —Å–µ–π—á–∞—Å –ø–æ—Å—Ç–∞–≤–ª—é –ø—Ä–æ–µ–∫—Ç–æ—Ä –∏ –±—É–¥–µ–º –≤–µ—Å—å –¥–µ–Ω—å —Å–º–æ—Ç—Ä–µ—Ç—å —Ñ—Ä–∞–Ω—Ü—É–∑—Å–∫–∏–µ —Ñ–∏–ª—å–º—ã!""... –ö–∞–∂–µ—Ç—Å—è, —è –≤—ã—à–ª–∞ –∑–∞–º—É–∂ –∑–∞ –º–µ—á—Ç—É!üòç

#–õ—é–±–æ–≤—å@pn6"
79,"–†–∞–Ω—å—à–µ —Å –¥–µ–≤—É—à–∫–æ–π —á–∞—Å—Ç–æ –≤–æ–∑–Ω–∏–∫–∞–ª–∏ –Ω–µ–¥–æ–ø–æ–Ω–∏–º–∞–Ω–∏—è, —Ç–∞–∫ –∫–∞–∫ –æ–Ω–∞ –ª—é–±–∏—Ç –Ω–∞–º—ë–∫–∏, –∞ —è, –∫–∞–∫ –∏—Å—Ç–∏–Ω–Ω—ã–π –º—É–∂—á–∏–Ω–∞, –Ω–∞–º—ë–∫–æ–≤, –∫–æ–Ω–µ—á–Ω–æ –∂–µ, –Ω–µ –ø–æ–Ω–∏–º–∞—é. –¢—É—Ç —è –∑–∞–º–µ—Ç–∏–ª, —á—Ç–æ —É –Ω–µ—ë –Ω–∞ –≤–µ—â–∞—Ö –Ω–∞—á–∞–ª–∏ –ø–æ—è–≤–ª—è—Ç—å—Å—è —Ñ—Ä–∞–∑–æ—á–∫–∏, —Ç–∏–ø–∞ ""–°–µ–π—á–∞—Å –ª—É—á—à–µ –Ω–µ –ø–æ–¥—Ö–æ–¥–∏."", ""–•–æ—á—É –æ–±–Ω–∏–º–∞—à–µ–∫, –Ω–µ–º–µ–¥–ª–µ–Ω–Ω–æ!"", ""–ú–Ω–µ –Ω–µ —Ö–≤–∞—Ç–∞–µ—Ç —Ç–≤–æ–µ–≥–æ –≤–Ω–∏–º–∞–Ω–∏—è‚Ä¶"", –∏ –ø—Ä., –∏ —è –ø–æ–Ω—è–ª - —ç—Ç–æ –æ–¥–µ–∂–¥–∞ –ø–æ–¥ –µ—ë –Ω–∞—Å—Ç—Ä–æ–µ–Ω–∏–µ –≤ –¥–∞–Ω–Ω—ã–π –º–æ–º–µ–Ω—Ç! –Ø –Ω–∞—á–∞–ª —Å–ª–µ–¥–æ–≤–∞—Ç—å ""—É–∫–∞–∑–∞–Ω–∏—è–º"" –Ω–∞ –æ–¥–µ–∂–¥–µ, –∏ –æ —á—É–¥–æ, –º—ã –≤–æ–æ–±—â–µ –ø–µ—Ä–µ—Å—Ç–∞–ª–∏ —Ä—É–≥–∞—Ç—å—Å—è! –ê –ø–æ—Å–ª–µ–¥–Ω–∏–µ –Ω–µ—Å–∫–æ–ª—å–∫–æ –¥–Ω–µ–π, —É–≥–æ–≤–∞—Ä–∏–≤–∞—é –¥–µ–≤—É—à–∫—É —Å–æ–∑–¥–∞—Ç—å —Å–≤–æ–π –º–µ—Ä—á —Å —ç—Ç–∏–º–∏ —Ñ—Ä–∞–∑–æ—á–∫–∞–º–∏ –∏ –ø—Ä–æ–¥–∞–≤–∞—Ç—å, —á—Ç–æ–± –º—É–∂—á–∏–Ω—ã –±—ã–ª–∏ –≤ –∫—É—Ä—Å–µ, —á—Ç–æ –Ω—É–∂–Ω–æ –∏—Ö –∂–µ–Ω—â–∏–Ω–∞–º! –ö–∞–∫ –¥—É–º–∞–µ—Ç–µ, –Ω–∞–¥–æ –¥–µ–≤—É—à–∫–µ –æ—Ç–∫—Ä—ã–≤–∞—Ç—å —Å–≤–æ—ë –¥–µ–ª–æ —Å —Ç–∞–∫–æ–π –æ–¥–µ–∂–¥–æ–π?) 
‚ù§2–∫ –ª–∞–π–∫–æ–≤ - –Ω–µ –Ω–∞–¥–æ, —ç—Ç–æ —Ç—É–ø–æ.
‚ù§–±–æ–ª—å—à–µ 3–∫ –ª–∞–π–∫–æ–≤ - –ø—É—Å—Ç—å –æ—Ç–∫—Ä—ã–≤–∞–µ—Ç! —ç—Ç–æ –±—É–¥–µ—Ç –∫—Ä—É—Ç–æ! —è –± –¥–∞–∂–µ –∫—É–ø–∏–ª/–∞!

#–ñ–µ–Ω—â–∏–Ω—ã@pn6"
80,"–í –Ω–∞—à–µ–º –≥–æ—Ä–æ–¥–µ –ø—Ä–æ–∏—Å—Ö–æ–¥–∏—Ç –ø*–∑–¥–µ—Ü –Ω–∞ –ø*–∑–¥–µ—Ü–µ. –ù–µ–¥–∞–≤–Ω–æ –≤–æ–¥–∏—Ç–µ–ª—å –º–∞—Ä—à—Ä—É—Ç–∫–∏ —Ü–µ–ª—ã–π –¥–µ–Ω—å –∫–∞—Ç–∞–ª –±–∞–±—É–ª—é, –∫–æ—Ç–æ—Ä–∞—è –∑–∞—Å–Ω—É–ª–∞ —É –Ω–µ–≥–æ –≤ —Å–∞–ª–æ–Ω–µ, –Ω–æ –ø–æ–∑–∂–µ –æ–∫–∞–∑–∞–ª–æ—Å—å, —á—Ç–æ –±–∞–±—É–ª—è —É–º–µ—Ä–ª–∞. –í–æ–¥–∏—Ç–µ–ª—å –ø–æ—è—Å–Ω–∏–ª —Å–≤–æ–µ –ø–æ–≤–µ–¥–µ–Ω–∏–µ —Ç–µ–º, —á—Ç–æ –Ω–µ —Ö–æ—Ç–µ–ª –±–µ—Å–ø–æ–∫–æ–∏—Ç—å –≤–µ—Ç–µ—Ä–∞–Ω–∞ —Ç—Ä—É–¥–∞, –º–æ–ª, –Ω–µ–ª–æ–≤–∫–æ –±—ã–ª–æ...

#–ü–∑–¥—Ü@pn6"
81,"üî• –î–∞–≤–Ω–æ –∏—â–µ—à—å –∫–æ–≥–æ-—Ç–æ –æ—Å–æ–±–µ–Ω–Ω–æ–≥–æ, –Ω–æ –≤—Å–µ –Ω–∏–∫–∞–∫ –Ω–µ –º–æ–∂–µ—à—å –Ω–∞–π—Ç–∏? –ú—ã –¥–æ–ª–≥–æ –¥—É–º–∞–ª–∏ –∏ —Ä–µ—à–∏–ª–∏, —á—Ç–æ —ç—Ç–æ—Ç —Ñ–ª–µ—à–º–æ–± –∫–∞–∫ —Ä–∞–∑ —Ç–æ, —á—Ç–æ —Ç–µ–±–µ –Ω—É–∂–Ω–æ! –° —ç—Ç–æ–≥–æ –¥–Ω—è –≤ –ü–∞–ª–∞—Ç–µ —Å—Ç–∞—Ä—Ç—É–µ—Ç —Ñ–ª–µ—à–º–æ–± ""–¢—ã –º–Ω–µ –Ω—É–∂–µ–Ω"". üòé 
 
üìå–ß—Ç–æ –¥–µ–ª–∞—Ç—å? 
1. –í—ã–±—Ä–∞—Ç—å –ø—É–Ω–∫—Ç, –∫–æ—Ç–æ—Ä—ã–π —Ç–µ–±–µ –ø–æ–¥—Ö–æ–¥–∏—Ç. 
2. –ù–∞–ø–∏—Å–∞—Ç—å —á–µ–ª–æ–≤–µ–∫—É, –Ω–∞—á–∞–≤ —Å –∫–∞–∫–æ–π-–Ω–∏–±—É–¥—å –∑–∞–±–∞–≤–Ω–æ–π —Ñ—Ä–∞–∑—ã. –ù–∞–ø—Ä–∏–º–µ—Ä: ""–¢—ã –º–Ω–µ –Ω—É–∂–µ–Ω, –∫–∞–∫ —Å–æ–ª–Ω—ã—à–∫–æ –ª—é–±–∏—Ç–µ–ª—é –≤–µ—Å–Ω—É—à–µ–∫"" –∏–ª–∏ ""—Ç—ã –º–Ω–µ –Ω—É–∂–Ω–∞, –∫–∞–∫ –∏–Ω—Å—É–ª–∏–Ω –¥–∏–∞–±–µ—Ç–∏–∫—É"" üòâ 
3. –ù–∞—Å–ª–∞–∂–¥–∞—Ç—å—Å—è –∑–∞–º–µ—á–∞—Ç–µ–ª—å–Ω—ã–º –æ–±—â–µ–Ω–∏–µ–º 
4. –ü—Ä–∏—Å—ã–ª–∞—Ç—å —Å–∫—Ä–∏–Ω—ã –≤–∞—à–∏—Ö –∫—Ä—É—Ç—ã—Ö –ø–µ—Ä–µ–ø–∏—Å–æ–∫! –õ—É—á—à–∏–µ –±—É–¥—É—Ç –æ–ø—É–±–ª–∏–∫–æ–≤–∞–Ω—ã! üëç 
 
–ú—ã –≤–µ—Ä–∏–º, —á—Ç–æ —Å–µ–≥–æ–¥–Ω—è —ç—Ç–æ—Ç –º–∏—Ä —Å—Ç–∞–Ω–µ—Ç –Ω–∞ –Ω–µ—Å–∫–æ–ª—å–∫–æ —á–µ–ª–æ–≤–µ–∫ —Å—á–∞—Å—Ç–ª–∏–≤–µ–µ, –∞ –∫—Ç–æ-—Ç–æ –æ–±—è–∑–∞—Ç–µ–ª—å–Ω–æ –Ω–∞–π–¥–µ—Ç —Ç–æ–≥–æ, —Å –∫–µ–º –ø—Ä–æ–≤–µ–¥–µ—Ç –≤—Å—é —Å–≤–æ—é –∂–∏–∑–Ω—å! –õ—é–±–≤–∏ –∏ –Ω–∞—Å—Ç–æ—è—â–∏—Ö –¥—Ä—É–∑–µ–π –≤–∞–º, –ª—é–±–∏–º–∞—è –º–æ—è –ø–∞–ª–∞—Ç–æ–≤—Å–∫–∞—è —Å–µ–º—å—è! ‚ù§"
82,"–ò–Ω–æ–≥–¥–∞ –±—ã–≤–∞–µ—Ç, —á—Ç–æ –ø–æ—Å–µ—Ç–∏—Ç–µ–ª–∏ –∑–∞–±—ã–≤–∞—é—Ç —É –Ω–∞—Å —Ç–µ–ª–µ—Ñ–æ–Ω—ã, –∫–æ—à–µ–ª—å–∫–∏, —à–∞–ø–∫–∏ –∏ –¥—Ä—É–≥–∏–µ –º–µ–ª–æ—á–∏. –í—Å—ë —Å–æ—Ö—Ä–∞–Ω—è–µ–º, –ø–æ—Ç–æ–º –æ—Ç–¥–∞–µ–º –≤–ª–∞–¥–µ–ª—å—Ü–∞–º. –í—á–µ—Ä–∞ –±—ã–ª –∞–±—Å–æ–ª—é—Ç–Ω—ã–π –¥–∂–µ–∫–ø–æ—Ç. –ü–æ—Å–µ—Ç–∏—Ç–µ–ª—å –∑–∞–±—ã–ª –ø—Ä–æ—Ç–µ–∑ –Ω–æ–≥–∏ –∏ –≥—Ä–∞–Ω–∞—Ç—É. –ö–æ–≥–¥–∞ –æ–Ω –Ω–∞ –∫–æ—Å—Ç—ã–ª—è—Ö –≤–µ—Ä–Ω—É–ª—Å—è –∑–∞ –≤–µ—â–∞–º–∏, –º—ã –∫–∞–∫-—Ç–æ –ø–æ—Å—Ç–µ—Å–Ω—è–ª–∏—Å—å —Å–ø—Ä–æ—Å–∏—Ç—å, –Ω–∞—Å—Ç–æ—è—â–∞—è –ª–∏ –≥—Ä–∞–Ω–∞—Ç–∞? –°—É–¥—è –ø–æ –≤—Å–µ–º—É, –¥–∞. 

#–ü–∑–¥—Ü@pn6"
83,"–ë—ã–ª –≤ –ê–º–µ—Ä–∏–∫–µ, –ø–æ–ø–∞–ª –∫ –¥–∞–Ω—Ç–∏—Å—Ç—É. –ö–æ–ø–∞—è—Å—å —É –º–µ–Ω—è –≤–æ —Ä—Ç—É, –æ–Ω –≤–¥—Ä—É–≥ —Å–∫–∞–∑–∞–ª, —á—Ç–æ —É –º–µ–Ω—è —Å—Ç–æ–∏—Ç –æ—á–µ–Ω—å –∫–∞—á–µ—Å—Ç–≤–µ–Ω–Ω–∞—è –ø–ª–æ–º–±–∞, –º–æ–ª, —Ç–∞–∫–∏–µ –¥–∞–∂–µ –≤ –ê–º–µ—Ä–∏–∫–µ –Ω–µ —Å—Ç–∞–≤—è—Ç. –ö–æ–≥–¥–∞ –≤–µ—Ä–Ω—É–ª—Å—è –¥–æ–º–æ–π, —Ä–∞—Å—Å–∫–∞–∑–∞–ª –æ–± —ç—Ç–æ–º —Å—Ç–æ–º–∞—Ç–æ–ª–æ–≥—É, –∫–æ—Ç–æ—Ä—ã–π —Ç—É –ø–ª–æ–º–±—É —Å—Ç–∞–≤–∏–ª, –∏ –æ–Ω –Ω–µ –ø—Ä–æ—Å—Ç–æ –≤–æ—Å—Å–∏—è–ª –æ—Ç –≥–æ—Ä–¥–æ—Å—Ç–∏, –Ω–æ –∏ –ø–æ–≤—ã—Å–∏–ª —Å–≤–æ–∏ —Ü–µ–Ω—ã –≤ –¥–≤–∞ —Ä–∞–∑–∞. 

#–≠–∫—Å–ø–æ–Ω–∞—Ç@pn6"
84,"–ö–æ–≥–¥–∞ —è –Ω–∞—á–∞–ª–∞ –∂–∏—Ç—å —Å–æ —Å–≤–æ–∏–º –ø–µ—Ä–≤—ã–º –ø–∞—Ä–Ω–µ–º, —è –Ω–µ –º–æ–≥–ª–∞ —Ö–æ–¥–∏—Ç—å –≤ —Ç—É–∞–ª–µ—Ç, –µ—Å–ª–∏ –æ–Ω –±—ã–ª –¥–æ–º–∞. –í –º–æ–µ–π –≥–æ–ª–æ–≤–µ —Å—É—â–µ—Å—Ç–≤–æ–≤–∞–ª –∫–∞–∫–æ–π-—Ç–æ –∂–µ—Å—Ç–∫–∏–π –∑–∞–≥–æ–Ω, –∏–∑-–∑–∞ –∫–æ—Ç–æ—Ä–æ–≥–æ —è –∫–∞–∂–¥—ã–π –¥–µ–Ω—å —Ö–æ–¥–∏–ª–∞ –≤ —Ç–æ—Ä–≥–æ–≤—ã–π —Ü–µ–Ω—Ç—Ä –∏ –¥–µ–ª–∞–ª–∞ —Å–≤–æ–∏ –¥–µ–ª–∞ —Ç–∞–º –∏ —Ç–æ–ª—å–∫–æ —Ç–∞–º.. –≠—Ç–æ –ø—Ä–æ–¥–æ–ª–∂–∞–ª–æ—Å—å —á–µ—Ç—ã—Ä–µ –º–µ—Å—è—Ü–∞, –∞ –ø–æ—Ç–æ–º –º—ã, —Å–ª–∞–≤–∞ –±–æ–≥—É, —Ä–∞—Å—Å—Ç–∞–ª–∏—Å—å. 

#–û—Ç–Ω–æ—à–µ–Ω–∏—è@pn6"
85,"–ï—Å—Ç—å –∑–Ω–∞–∫–æ–º—ã–π, –∑–∞ –∫–æ—Ç–æ—Ä–æ–≥–æ –≤—Å—ë –∏ –≤—Å–µ–≥–¥–∞ —Ä–µ—à–∞–ª–∞ –µ–≥–æ –º–∞–º–∞. –î–∞–∂–µ –∫–æ–≥–¥–∞ –∑–∞–∫–æ–Ω—á–∏–ª —à–∫–æ–ª—É, –º–∞–º–∞ —É—Å—Ç—Ä–æ–∏–ª–∞ –≤ —É–Ω–∏–≤–µ—Ä, —Å–æ –≤—Å–µ–º–∏ –¥–æ–≥–æ–≤–æ—Ä–∏–ª–∞—Å—å. –ü–æ—Å–ª–µ —É–Ω–∏–≤–µ—Ä–∞ —Ö–æ–¥–∏–ª–∞ —Å –Ω–∏–º –Ω–∞ —Å–æ–±–µ—Å–µ–¥–æ–≤–∞–Ω–∏—è, —É—Å—Ç—Ä–æ–∏–ª–∞ –Ω–∞ —Ö–æ—Ä–æ—à—É—é –¥–æ–ª–∂–Ω–æ—Å—Ç—å –≤ –Ω–µ–ø–ª–æ—Ö–æ–π –∫–æ–º–ø–∞–Ω–∏–∏. –û–Ω–∞ –∂–µ –Ω–∞—à–ª–∞ –µ–º—É –Ω–µ–≤–µ—Å—Ç—É, –ø—Ä–∏–≤–µ–ª–∞ –µ—ë —á—É—Ç—å –ª–∏ –Ω–µ –¥–æ–º–æ–π –∑–Ω–∞–∫–æ–º–∏—Ç—å —Å —Å—ã–Ω–æ–º. –í—Å—ë –ø–æ–ª—É—á–∏–ª–æ—Å—å: –ø–∞—Ä—É –º–µ—Å—è—Ü–µ–≤ –≤—Å—Ç—Ä–µ—á–∞–ª–∏—Å—å, –ø–æ—Ç–æ–º —Å–≤–∞–¥—å–±–∞, —Å–∫–æ—Ä–æ –ª–µ—Ç—è—Ç –æ—Ç–¥—ã—Ö–∞—Ç—å: –∂–µ–Ω–∞, –º—É–∂ –∏ –º–∞–º–∞ –º—É–∂–∞. 

#–ú–∞–º–∞@pn6"
86,"–£ –º–µ–Ω—è –æ–¥–Ω–∞–∂–¥—ã –≤ –ë—Ä–∞–∑–∏–ª–∏–∏ —É–∫—Ä–∞–ª–∏ —Ç–µ–ª–µ—Ñ–æ–Ω. –ú—ã —Å–∞–º–∏ –≤–æ—Ä–æ–≤ –∑–∞–¥–µ—Ä–∂–∞–ª–∏, –Ω–æ –æ–Ω–∏ —Å–º–æ—Ç—Ä—è—Ç –Ω–∞–º –ø—Ä—è–º–æ –≤ –≥–ª–∞–∑–∞ –∏ –Ω–∞–≥–ª–æ –≤—Ä—É—Ç: ""–ù–µ –±—Ä–∞–ª–∏!"". –û—Ç–æ—à–ª–∏ –≤ —Å—Ç–æ—Ä–æ–Ω–∫—É, —è –±–µ—Ä—É —Ç–µ–ª–µ—Ñ–æ–Ω –º—É–∂–∞ –∏ –ø–∏—à—É –Ω–∞ —Å–≤–æ–π –Ω–æ–º–µ—Ä —Å–º—Å –ø–æ-–ø–æ—Ä—Ç—É–≥–∞–ª—å—Å–∫–∏: ""–ú–æ—è –±–∞–±—É—à–∫–∞ –±—ã–ª–∞ –≤–µ–¥—å–º–æ–π. –ù–µ –≤–µ—Ä–Ω—ë—Ç–µ —Ç–µ–ª–µ—Ñ–æ–Ω - –≤–∞—à–∏ –¥–µ—Ç–∏ –±—É–¥—É—Ç —Ä–æ–∂–¥–∞—Ç—å—Å—è —Ç—Ä—ë—Ö–≥–ª–∞–∑—ã–º–∏"". –¢—É—Ç –∂–µ –≤–æ–∑–≤—Ä–∞—Ç–∏–ª–∏. 

#–õ–∞–π—Ñ—Ö–∞–∫@pn6"
87,"–Ø –≤—Å–µ–≥–¥–∞ –±—ã–ª–∞ –æ—á–µ–Ω—å –¥–æ–±—Ä—ã–º, –Ω–æ –∫–∞–∫ –æ–∫–∞–∑–∞–ª–æ—Å—å –∂–µ—Å—Ç–æ–∫–∏–º —Ä–µ–±—ë–Ω–∫–æ–º. –ö–æ–≥–¥–∞ –º–Ω–µ –±—ã–ª–æ 8 –ª–µ—Ç, –º—ã —Å –¥–≤–æ—é—Ä–æ–¥–Ω–æ–π —Å–µ—Å—Ç—Ä–æ–π –ø—Ä–∏–µ—Ö–∞–ª–∏ –Ω–∞ –∫–∞–Ω–∏–∫—É–ª—ã –∫ –±–∞–±—É—à–∫–µ –ú—ã –º–Ω–æ–≥–æ –≥—É–ª—è–ª–∏ –∏ –∫–∞–∫ —ç—Ç–æ –æ–±—ã—á–Ω–æ –±—ã–≤–∞–µ—Ç, —á—Ç–æ –±—ã –Ω–∏ —Å–ª—É—á–∏–ª–æ—Å—å, –∑–∞ –≤—Å–µ –¥–æ—Å—Ç–∞–≤–∞–ª–æ—Å—å –µ–π –∫–∞–∫ —Å—Ç–∞—Ä—à–µ–π, –Ω–æ –æ–Ω–∞ –Ω–∏–∫–æ–≥–¥–∞ –º–µ–Ω—è –Ω–µ —Å–¥–∞–≤–∞–ª–∞ –∏ —Å–º–µ–ª–æ –ø—Ä–∏–Ω–∏–º–∞–ª–∞ –≤—Å–µ –Ω–∞ —Å–µ–±—è. –ò –≤–æ—Ç, –≤ –æ—á–µ—Ä–µ–¥–Ω–æ–π —Ä–∞–∑ –æ–Ω–∞ –Ω–µ –≤—ã–¥–µ—Ä–∂–∞–ª–∞ –∏ –≤—Å–µ —Ä–∞—Å—Å–∫–∞–∑–∞–ª–∞ –±–∞–±—É—à–∫–µ. –ï—Å—Ç–µ—Å—Ç–≤–µ–Ω–Ω–æ, –º–µ–Ω—è –Ω–∞—Ä—É–≥–∞–ª–∏ –∏ –Ω–µ –æ—Ç–ø—É—Å—Ç–∏–ª–∏ –≥—É–ª—è—Ç—å, –∞ —Å–µ—Å—Ç—Ä–∞ —É—à–ª–∞ –≥—É–ª—è—Ç—å. –Ø —Ç–∞–∫ –Ω–∞ –Ω–µ—ë —Ä–∞–∑–æ–∑–ª–∏–ª–∞—Å—å, —á—Ç–æ –∏–∑ –∫–æ–Ω—Ç–µ–π–Ω–µ—Ä–æ–≤, –≥–¥–µ –ª–µ–∂–∞—Ç –µ—ë –ª–∏–Ω–∑—ã, —è –≤—ã–ª–∏–ª–∞ –≤–µ—Å—å —Ä–∞—Å—Ç–≤–æ—Ä, –∞ –≤–º–µ—Å—Ç–æ –Ω–µ–≥–æ –Ω–∞–ª–∏–ª–∞ —Ç—É–¥–∞ –¥—É—Ö–∏. –û–Ω–∞ –ø—Ä–∏—à–ª–∞ –¥–æ–º–æ–π –∏ —á—É—Ç—å –Ω–µ —Å–æ–∂–≥–ª–∞ —Å–µ–±–µ —Ä–æ–≥–æ–≤–∏—Ü—ã...–î–æ —Å–∏—Ö –ø–æ—Ä —Å—Ç—ã–¥–Ω–æ –∑–∞ —Ç–æ—Ç –ø–æ—Å—Ç—É–ø–æ–∫.

#–î–µ—Ç—Å—Ç–≤–æ@pn6"
88,"–ó–Ω–∞–∫–æ–º—ã–π —Ä–µ—à–∏–ª —Å–¥–µ–ª–∞—Ç—å –ø—Ä–µ–¥–ª–æ–∂–µ–Ω–∏–µ —Å–≤–æ–µ–π –¥–µ–≤—É—à–∫–µ –Ω–∞ –∫–æ–Ω—Ü–µ—Ä—Ç–µ –ª—é–±–∏–º–æ–π –≥—Ä—É–ø–ø—ã. –î–æ–≥–æ–≤–æ—Ä–∏–ª—Å—è —Å –≥—Ä—É–ø–ø–æ–π, –º–æ–ª, —á—Ç–æ–±—ã –ø–æ—Å–µ—Ä–µ–¥–∏–Ω–µ –≤—ã—Å—Ç—É–ø–ª–µ–Ω–∏—è —Å–¥–µ–ª–∞–ª–∏ –ø–∞—É–∑—É, –∞ –æ–Ω –≤ —ç—Ç–æ –≤—Ä–µ–º—è —Å–¥–µ–ª–∞–µ—Ç –ø—Ä–µ–¥–ª–æ–∂–µ–Ω–∏–µ. –í –æ–±—â–µ–º, –≤—Å—ë —Å–∫–ª–∞–¥—ã–≤–∞–ª–æ—Å—å –æ—Ç–ª–∏—á–Ω–æ, –Ω–æ –ø–æ—Å–ª–µ –ø–µ—Ä–≤–æ–π –∂–µ –ø–µ—Å–Ω–∏ –≥—Ä—É–ø–ø–∞ –∏–≥—Ä–∞—Ç—å –ø–µ—Ä–µ—Å—Ç–∞–ª–∏ - –≤–æ—à–ª–∏ —Å–æ—Ç—Ä—É–¥–Ω–∏–∫–∏ –∏ –ø–æ –∫–∞–∫–æ–π-—Ç–æ –ø—Ä–∏—á–∏–Ω–µ —Å–æ—Ä–≤–∞–ª–∏ –∫–æ–Ω—Ü–µ—Ä—Ç. –ú–∞–ª–æ —Ç–æ–≥–æ, –∑–Ω–∞–∫–æ–º—ã–π –Ω–∏–∫–∞–∫ –Ω–µ –º–æ–≥ –Ω–∞–π—Ç–∏ —Å–≤–æ—é –¥–µ–≤—É—à–∫—É...–ü–µ—Ä–µ–ª–æ–ø–∞—Ç–∏–ª –≤–µ—Å—å –∫–ª—É–± –∏ –Ω–∞—à—ë–ª –µ—ë –≤ —Ç—É–∞–ª–µ—Ç–µ —Å –±–∞—Ä–∞–±–∞–Ω—â–∏–∫–æ–º. 

#–û–±–∏–¥–Ω–æ@pn6"
89,
90,"–° –æ—Ç—Ü–æ–º –Ω–∞—Ç—è–Ω—É—Ç—ã–µ –æ—Ç–Ω–æ—à–µ–Ω–∏—è, —è –µ–º—É –¥–æ–ª–∂–µ–Ω –¥–µ–Ω–µ–≥, –Ω–æ –Ω–µ –æ—Ç–¥–∞—é —É–∂–µ –ø–æ–ª–≥–æ–¥–∞. –í—á–µ—Ä–∞ —É –±–∞—Ç–∏ –∫–æ–Ω—á–∏–ª–æ—Å—å —Ç–µ—Ä–ø–µ–Ω–∏–µ, –∏ –æ–Ω –æ–≥—Ä–∞–±–∏–ª –º–∞–≥–∞–∑–∏–Ω, –≤ –∫–æ—Ç–æ—Ä–æ–º —è —Ä–∞–±–æ—Ç–∞—éüôÉ –ö–∞–º–µ—Ä—ã –±—ã–ª–∏ –æ—Ç–∫–ª—é—á–µ–Ω—ã, –Ω–æ —è –∑–Ω–∞—é, —á—Ç–æ —ç—Ç–æ –æ–Ω. –ê–¥–º–∏–Ω–∏—Å—Ç—Ä–∞—Ç–æ—Ä—É –ø–æ—Ö, –ø–æ–ª–∏—Ü–∏–∏ —Ç–µ–º –±–æ–ª–µ–µ, –ø–æ—ç—Ç–æ–º—É —É–±—ã—Ç–∫–∏ –∑–∞–ø–ª–∞—Ç–∏—Ç—å –¥–æ–ª–∂–µ–Ω –±—É–¥—É —è. –ó–ª—é—Å—å, –Ω–æ –ø–æ–Ω–∏–º–∞—é, —á—Ç–æ —Å–ø—Ä–∞–≤–µ–¥–ª–∏–≤–æ(

#–ë–∞—Ç—è@pn6"
91,"–†–∞–±–æ—Ç–∞—é –≤ –∫–ª–∏–Ω–∏–∫–µ, –≥–¥–µ –ø–æ–º–æ–≥–∞–µ–º –Ω–∞—Ä–∫–æ–∑–∞–≤–∏—Å–∏–º—ã–º —Å–ø—Ä–∞–≤–∏—Ç—å—Å—è —Å —ç—Ç–æ–π –ø—Ä–æ–±–ª–µ–º–æ–π. –†–∞–∑ –≤ –Ω–µ–¥–µ–ª—é –±—ã–≤–∞—é—Ç –≥—Ä—É–ø–ø–æ–≤—ã–µ —Å–µ–∞–Ω—Å—ã, –≥–¥–µ –ª—é–¥–∏ —Ä–∞—Å—Å–∫–∞–∑—ã–≤–∞—é—Ç —Å–≤–æ–∏ –∏—Å—Ç–æ—Ä–∏–∏ –æ —Ç–æ–º, –∫–∞–∫ –ø—Ä–∏—à–ª–∏ –∫ —É–ø–æ—Ç—Ä–µ–±–ª–µ–Ω–∏—é. –£ –≤—Å–µ—Ö –≤—Å—ë —Å—Ç–∞–Ω–¥–∞—Ä—Ç–Ω–æ–µ, –º–æ–ª, –ø–æ–ø—Ä–æ–±–æ–≤–∞–ª, –±—É–¥—É—á–∏ –ø—å—è–Ω—ã–º, –∫—Ç–æ-—Ç–æ —É–≥–æ—Å—Ç–∏–ª –∏ —Ç–¥. –ù–æ –±—ã–ª –ø–∞—Ä–µ–Ω—å, –∫–æ—Ç–æ—Ä—ã–π –≤—ã–¥–∞–ª —Å–ª–µ–¥—É—é—â–µ–µ: ""–î—É–º–∞—é, —ç—Ç–æ –≥–µ–Ω—ã. –ú–æ–π –¥–µ–¥ –µ–ª –º—É—Ö–æ–º–æ—Ä—ã, –ø—Ä–∞–¥–µ–¥ –∫—É—Ä–∏–ª –æ–ø–∏—É–º, –ø—Ä–∞–ø—Ä–∞–¥–µ–¥ –æ–±–ª–∏–∑—ã–≤–∞–ª –≥–∞–ª–ª—é—Ü–∏–Ω–æ–≥–µ–Ω–Ω—ã—Ö –∂–∞–±, —Ç–∞–∫ —á—Ç–æ, –¥—É–º–∞—é, –Ω–∞—Ä–∫–æ—Ç–∏–∫–∏ - —ç—Ç–æ —É –º–µ–Ω—è –≤ –∫—Ä–æ–≤–∏"". 

#–†–∞–±–æ—Ç–∞@pn6"
92,"–í—Å—ë –µ—â—ë –Ω–µ —Ç–µ—Ä—è—è –Ω–∞–¥–µ–∂–¥—ã, —Å–ø—Ä–∞—à–∏–≤–∞—é —É –∏–Ω—Å—Ç—Ä—É–∫—Ç–æ—Ä–∞: ""–ù—É —á—Ç–æ, —è —Å–¥–∞–ª?"" –û–Ω –º–æ–ª—á–∏—Ç, –∫–∞–∫ –±—É–¥—Ç–æ –æ–¥–Ω–æ–≤—Ä–µ–º–µ–Ω–Ω–æ –∑–∞–±—ã–≤ –≤—Å–µ —Å–ª–æ–≤–∞. –ö —Å—á–∞—Å—Ç—å—é, –≤ —Ä–∞–∑–≥–æ–≤–æ—Ä –≤–º–µ—à–∞–ª—Å—è –∫–∞—Å—Å–∏—Ä –º–∞–≥–∞–∑–∏–Ω–∞ –Ω–∞ –∑–∞–ø—Ä–∞–≤–∫–µ, –≤ –∫–æ—Ç–æ—Ä—ã–π —è –≤—ä–µ—Ö–∞–ª, –∏ —Å–∫–∞–∑–∞–ª –∏–Ω—Å—Ç—Ä—É–∫—Ç–æ—Ä—É: ""–í—ã –∑–Ω–∞–µ—Ç–µ, –∫–∞–∂–µ—Ç—Å—è, —É –Ω–µ–≥–æ –µ—Å—Ç—å –ø–æ—Ç–µ–Ω—Ü–∏–∞–ª...""

#–§–µ–π–ª@pn6"
93,"–Ø –Ω–∞—Å—Ç–æ–ª—å–∫–æ –æ–¥–∏–Ω–æ–∫–∞, —á—Ç–æ —É–∂–µ —Ç—Ä–µ—Ç–∏–π –≥–æ–¥ –æ–±–º–µ–Ω–∏–≤–∞—é—Å—å –ø–∏—Å—å–º–∞–º–∏ —Å —á–µ–ª–æ–≤–µ–∫–æ–º, –∫–æ—Ç–æ—Ä—ã–π –ø–æ–ª—É—á–∏–ª –ø–æ–∂–∏–∑–Ω–µ–Ω–Ω–æ–µ –∑–∞ –∫–∞–Ω–Ω–∏–±–∞–ª–∏–∑–º. –ù–µ —Å—Ç—Ä–∞—à–Ω–æ, –ø–æ—Ç–æ–º—É —á—Ç–æ –æ–Ω –Ω–∏–∫–æ–≥–¥–∞ –Ω–µ –≤—ã–π–¥–µ—Ç. –û–Ω –æ—á–µ–Ω—å –∏–Ω—Ç–µ–ª–ª–∏–≥–µ–Ω—Ç–Ω—ã–π –∏ —ç—Ä—É–¥–∏—Ä–æ–≤–∞–Ω–Ω—ã–π —á–µ–ª–æ–≤–µ–∫, –∞ –µ—â—ë –Ω–∏–∫—Ç–æ –Ω–µ –∑–Ω–∞–µ—Ç —Å—Ç–æ–ª—å–∫–æ –≤–∫—É—Å–Ω—ã—Ö —Ä–µ—Ü–µ–ø—Ç–æ–≤, —Å–∫–æ–ª—å–∫–æ –∑–Ω–∞–µ—Ç –æ–Ω. –ù–æ–≤–æ–≥–æ–¥–Ω–∏–π —Å—Ç–æ–ª –±—É–¥–µ—Ç —Å–æ—Å—Ç–æ—è—Ç—å –∏—Å–∫–ª—é—á–∏—Ç–µ–ª—å–Ω–æ –∏–∑ –±–ª—é–¥, –∫–æ—Ç–æ—Ä—ã–µ –æ–Ω –º–Ω–µ –ø–æ—Å–æ–≤–µ—Ç–æ–≤–∞–ª. –ë–ª—é–¥–∞ –Ω–µ –∏–∑ –ª—é–¥–µ–π, –µ—Å–ª–∏ —á—Ç–æ. 

#–ü–∑–¥—Ü@pn6"
94,"–†–∞–±–æ—Ç–∞—é —É—á–∏—Ç–µ–ª–µ–º –∞–Ω–≥–ª–∏–π—Å–∫–æ–≥–æ, –Ω–µ–¥–∞–≤–Ω–æ –¥–∞–ª–∞ –∑–∞–¥–∞–Ω–∏–µ –Ω–∞–ø–∏—Å–∞—Ç—å —Å–æ—á–∏–Ω–µ–Ω–∏–µ –æ –ª—é–±–∏–º–æ–º –º—É–∑—ã–∫–∞–Ω—Ç–µ. –û–¥–Ω–∞ –¥–µ–≤–æ—á–∫–∞ –Ω–∞–ø–∏—Å–∞–ª–∞ –æ –ø–∏–∞–Ω–∏—Å—Ç–µ, –∫–æ—Ç–æ—Ä—ã–π –Ω–∞–ø–∏—Å–∞–ª –ø–µ—Ä–≤—É—é —Å–∏–º—Ñ–æ–Ω–∏—é –≤ –¥–µ–≤—è—Ç–∏–ª–µ—Ç–Ω–µ–º –≤–æ–∑—Ä–∞—Å—Ç–µ, –∞ —á–µ—Ä–µ–∑ –¥–≤–∞ –≥–æ–¥–∞ —É–∂–µ –Ω–∞—á–∞–ª –¥–∞–≤–∞—Ç—å –∫–æ–Ω—Ü–µ—Ä—Ç—ã. –î—Ä—É–≥–∞—è –Ω–∞–ø–∏—Å–∞–ª–∞ –æ –±–µ–¥–Ω–æ–º –≥–∏—Ç–∞—Ä–∏—Å—Ç–µ, –∫–æ—Ç–æ—Ä—ã–π –ø–µ—Ä–≤—É—é –≥–∏—Ç–∞—Ä—É —Å–¥–µ–ª–∞–ª –∏–∑ –∫–æ–Ω—Å–µ—Ä–≤–Ω–æ–π –±–∞–Ω–∫–∏ –∏ —Ä—ã–±–æ–ª–æ–≤–Ω–æ–π –ª–µ—Å–∫–∏. –¢—Ä–µ—Ç—å—è —Å–¥–µ–ª–∞–ª–∞ –¥–æ–∫–ª–∞–¥ –æ –∂–∏–∑–Ω–∏ –≤—Å–µ—Ö –ª—é–¥–µ–π, –∫–æ—Ç–æ—Ä—ã—Ö —É–±–∏–ª –µ—ë –ª—é–±–∏–º—ã–π —Ä—ç–ø–µ—ÄüôÉ

#–†–∞–±–æ—Ç–∞@pn6"
95,"–ú—É–∂, —Å–∫–∞–∑–∞–ª, —á—Ç–æ –µ—Å–ª–∏ –æ–ø—É–±–ª–∏–∫—É—é—Ç –º–æ–π –ø–æ—Å—Ç, —Ç–æ –æ–Ω –ø–æ–≤–µ—Ä–∏—Ç, —á—Ç–æ –≤—Å–µ –≤–∞—à–∏ –∏—Å—Ç–æ—Ä–∏–∏ –Ω–µ —Ñ–µ–π–∫!
______________
–ê –æ—Ç–∫—É–¥–∞ –Ω–∞–º –∑–Ω–∞—Ç—å, —á—Ç–æ —Ç–≤–æ–π –º—É–∂ –Ω–µ —Ñ–µ–π–∫?üòî

#–ü–∞–ª–∞—Ç–∞@pn6"
96,"–ê –º–Ω–µ –∞–ª–∫–æ–≥–æ–ª—å –∂–∏–∑–Ω—å —Å–ø–∞—Å. –ü–æ—Å–ª–µ –¥–Ω—è —Ä–æ–∂–¥–µ–Ω–∏—è –æ—Å—Ç–∞–ª–æ—Å—å –û–ß–ï–ù–¨ –º–Ω–æ–≥–æ –Ω–µ—Ç—Ä–æ–Ω—É—Ç—ã—Ö –±—É—Ç—ã–ª–æ–∫ –∏ –∫—Ä–µ–ø–∫–æ–≥–æ –∏ –Ω–µ –æ—á–µ–Ω—å. –ù–µ–¥–æ–ª–≥–æ –¥—É–º–∞—è, —è –≤—ã—Å—Ç–∞–≤–∏–ª–∞ –≤—Å—ë –Ω–∞ –±–∞–ª–∫–æ–Ω. –ù–æ—á—å—é –±—ã–ª –Ω–µ–ø–æ–Ω—è—Ç–Ω—ã–π —à—É–º, –Ω–æ –∑–Ω–∞—á–µ–Ω–∏—è –Ω–µ –ø—Ä–∏–¥–∞–ª–∞. –£—Ç—Ä–æ–º –Ω–∞ –±–∞–ª–∫–æ–Ω–µ –æ–±–Ω–∞—Ä—É–∂–∏–ª–∞ –ø—å—è–Ω–æ–µ –≤–¥—Ä—ã–∑–≥ —Ç–µ–ª–æ –±—ã–≤—à–µ–≥–æ. –û–∫–∞–∑–∞–ª–æ—Å—å –æ–Ω –∑–∞–ª–µ–∑ –∫ –Ω–∞–º, –Ω–æ, –±—É–¥—É—á–∏ –∞–ª–∫–æ–≥–æ–ª–∏–∫–æ–º, –Ω–µ —Å–º–æ–≥ —É—Å—Ç–æ—è—Ç—å –∏ –ø—Ä–æ–π—Ç–∏ –º–∏–º–æ —Ç–∞–∫–∏—Ö –±–æ–≥–∞—Ç—Å—Ç–≤ - –≤—ã–ø–∏–ª —á—Ç–æ —Å–º–æ–≥. –ê –º–æ–∂–µ—Ç —Ä–µ—à–∏–ª –¥–ª—è —Ö—Ä–∞–±—Ä–æ—Å—Ç–∏ –ø—Ä–∏–Ω—è—Ç—å, –∫—Ç–æ –∑–Ω–∞–µ—Ç... –°–≤–æ–π –ø—É—Ç—å –ø—Ä–æ–¥–æ–ª–∂–∏—Ç—å –æ–Ω –±—ã–ª —É–∂–µ –Ω–µ –≤ —Å–æ—Å—Ç–æ—è–Ω–∏–∏ - –∏ —Å–ª–∞–≤–∞ –ë–æ–≥—É! –í–µ–¥—å –ø–æ–ª–∏—Ü–∏—è –∫–æ–≥–¥–∞ –µ–≥–æ –∑–∞–±–∏—Ä–∞–ª–∞ –æ–±–Ω–∞—Ä—É–∂–∏–ª–∞ –ø—Ä–∏ –Ω—ë–º –∑–¥–æ—Ä–æ–≤–µ–Ω–Ω—ã–π –Ω–æ–∂, –≤–µ—Ä—ë–≤–∫—É –∏ –ø—Ä–æ—â–∞–ª—å–Ω—É—é –∑–∞–ø–∏—Å–∫—É, –≤ –∫–æ—Ç–æ—Ä–æ–π –æ–Ω –æ–±—ä—è—Å–Ω–∏–ª, –ø–æ—á–µ–º—É –æ–Ω —Å–æ–±–∏—Ä–∞–µ—Ç—Å—è –ø–æ–∫–æ–Ω—á–∏—Ç—å —Å–æ–±–æ–π –∏ –ø—Ä–∏–∑–Ω–∞—ë—Ç—Å—è –≤ –º–æ—ë–º —É–±–∏–π—Å—Ç–≤–µ.

#–®–æ–æ–æ–∫@pn6"
97,"–£ –Ω–∞—Å –≤ –¥–æ–º–µ –∂–∏–≤–µ—Ç –æ–¥–Ω–∞ –ø–µ–Ω—Å–∏–æ–Ω–µ—Ä–∫–∞, –æ—á–µ–Ω—å –≤—Ä–µ–¥–Ω–∞—è —Å—Ç–∞—Ä—É—à–∫–∞. –û–¥–Ω–∞–∂–¥—ã –µ–µ —Ä–µ—à–∏–ª–∏ –æ–≥—Ä–∞–±–∏—Ç—å, –ø–∞—Ä–µ–Ω—å –≤–ª–µ–∑ –≤ –∫–≤–∞—Ä—Ç–∏—Ä—É –∏ –æ–±–Ω–∞—Ä—É–∂–∏–ª —Ö–æ–∑—è–π–∫—É –Ω–∞ –ø–æ–ª—É –±–µ–∑ –¥—ã—Ö–∞–Ω–∏—è. –°–∞–º–æ—Å—Ç–æ—è—Ç–µ–ª—å–Ω–æ –≤–µ—Ä–Ω—É–ª –µ–µ –∫ –∂–∏–∑–Ω–∏, –≤—ã–∑–≤–∞–ª —Å–∫–æ—Ä—É—é, –ø–æ–∫–∞ –∂–¥–∞–ª–∏ —Å–∫–æ—Ä—É—é, –±–∞–±—É–ª—è –Ω–∞–ø–æ–∏–ª–∞ –µ–≥–æ —á–∞–µ–º –∏ –Ω–∞–∫–æ—Ä–º–∏–ª–∞ –ø–∏—Ä–æ–∂–∫–∞–º–∏, –∫—É–¥–∞ –ø–æ–¥–º–µ—à–∞–ª–∞ —Å–∏–ª—å–Ω–æ–¥–µ–π—Å—Ç–≤—É—é—â–µ–µ —Å–Ω–æ—Ç–≤–æ—Ä–Ω–æ–µ, —á—Ç–æ–±—ã –æ–Ω –∫–æ–ø–æ–≤ –¥–æ–∂–¥–∞–ª—Å—è, –∫–æ—Ç–æ—Ä—ã—Ö –æ–Ω–∞ –≤—ã–∑–≤–∞–ª–∞. –•–æ–¥–∏—Ç —Ç–µ–ø–µ—Ä—å, –ø–µ—Ä–µ–¥–∞—á–∫–∏ –µ–º—É –≤ —Ç—é—Ä—å–º—É –Ω–æ—Å–∏—Ç, –∞ –æ–Ω –∫–∞–∂–¥—ã–π —Ä–∞–∑ –≥—Ä–æ–∑–∏—Ç—Å—è —É–±–∏—Ç—å –µ–µ –∑–∞ —Ç–æ, —á—Ç–æ —Å–¥–∞–ª–∞ –µ–≥–æ. 
________
–ö–∞–∫ —Å—á–∏—Ç–∞–µ—Ç–µ, –ø—Ä–∞–≤–∏–ª—å–Ω–æ –ø–æ—Å—Ç—É–ø–∏–ª–∞? 
–î–æ 6–∫ ‚Äì –ø—Ä–∞–≤–∏–ª—å–Ω–æ
–û—Ç 6–∫ ‚Äì –Ω–∞–¥–æ –±—ã–ª–æ –ø–æ–∂–∞–ª–µ—Ç—å 

#–§–µ–π–ª@pn6"
98,"–ñ–∏–≤—É –≤ –¥–æ–≤–æ–ª—å–Ω–æ –±–æ–ª—å—à–æ–º –≥–æ—Ä–æ–¥–µ, –Ω–æ –Ω–µ –≤ —Å—Ç–æ–ª–∏—Ü–µ. –£ –Ω–∞—Å –Ω–µ–¥–∞–≤–Ω–æ –æ—Ç–∫—Ä—ã–ª—Å—è –Ω–æ–≤—ã–π –±–∞—Ä–±–µ—Ä—à–æ–ø, –∫ –æ—Ç–∫—Ä—ã—Ç–∏—é ‚Äì 50% —Å–∫–∏–¥–∫–∞. –ó–∞–ª–µ–∑ –ø–æ—á–∏—Ç–∞—Ç—å –æ—Ç–∑—ã–≤—ã ‚Äì –≤—Å–µ —Ö–≤–∞–ª—è—Ç –º–∞—Å—Ç–µ—Ä–æ–≤ –≤ —Å—Ç–∏–ª–µ ""–ú–∞—Ä–∏—è —à–∏–∫–∞—Ä–Ω–æ –±—Ä–µ–µ—Ç –±–æ—Ä–æ–¥—É –æ–ø–∞—Å–Ω—ã–º –ª–µ–∑–≤–∏–µ–º"", ""–í–∞–ª–µ–Ω—Ç–∏–Ω–∞ –ø—Ä–æ—Å—Ç–æ –º–∞—Å—Ç–µ—Ä —Å–≤–æ–µ–≥–æ –¥–µ–ª–∞"", –Ω–∞—á–∞–ª –∫–æ–ø–∞—Ç—å –¥–∞–ª—å—à–µ, –æ–∫–∞–∑–∞–ª–æ—Å—å, —á—Ç–æ –≤—Å–µ –º–∞—Å—Ç–µ—Ä–∞ –¥–µ–≤—É—à–∫–∏, —á—Ç–æ –∑–∞–≤–ª–µ–∫–ª–æ –µ—â–µ –±–æ–ª—å—à–µ. –†–µ—à–∏–ª —Å—Ö–æ–¥–∏—Ç—å, –ø—Ä–∏—Ö–æ–∂—É, –∞ –≤—Å–µ –±–∞—Ä–±–µ—Ä—ã –Ω–µ –ø—Ä–æ—Å—Ç–æ –¥–µ–≤—É—à–∫–∏, –∞ –ø–µ–Ω—Å–∏–æ–Ω–µ—Ä–∫–∏. –ü—Ä–∏ —ç—Ç–æ–º –ø—Ä–µ–∫—Ä–∞—Å–Ω–æ —É—Ö–æ–∂–µ–Ω—ã, —Å—Ç–∏–ª—å–Ω–æ –∏ –ø–æ –º–æ–ª–æ–¥–µ–∂–Ω–æ–º—É –æ–¥–µ—Ç—ã, –≤ —Å–∞–ª–æ–Ω–µ –∏–≥—Ä–∞–ª –¢—É–ø–∞–∫ –∏ —Å—Ç–∞—Ä—ã–π –∫–ª–∞—Å—Å–∏—á–µ—Å–∫–∏–π —Ä—ç–ø—á–∏–∫. –ü–æ–ø–∞–ª –∫ –ú–∞—Ä–∏–µ, –∞ –æ–Ω–∞ –≤ –æ—á–∫–∞—Ö —Å –ª–∏–Ω–∑–∞–º–∏ —Ç–æ–ª—â–∏–Ω–æ–π –≤ –∫–∏—Ç–∞–π—Å–∫—É—é —Å—Ç–µ–Ω—É, —Å–Ω–∞—á–∞–ª–∞ –±—ã–ª–æ —Å—Ç—Ä–∞—à–Ω–æ, –Ω–æ –æ–Ω–∞ —Ç–∞–∫ –∞–∫–∫—É—Ä–∞—Ç–Ω–æ –∏ —á–∞—Ç–µ–ª—å–Ω–æ –≤—Å–µ –¥–µ–ª–∞–ª–∞, –ø—Ä–∏ —ç—Ç–æ–º –æ—Ç–≤–ª–µ–∫–∞—è –º–µ–Ω—è —Ä–∞–∑–≥–æ–≤–æ—Ä–∞–º–∏ –∏ –ø–µ—Ä–∏–æ–¥–∏—á–µ—Å–∫–∏ —Ä–∞–∑–≤–ª–µ–∫–∞—è –ø–∞—Ö–∞–±–Ω—ã–º–∏ –∞–Ω–µ–∫–¥–æ—Ç–∞–º–∏, —á—Ç–æ —è –¥–∞–∂–µ –Ω–µ –∑–∞–º–µ—Ç–∏–ª, –∫–∞–∫ –æ–Ω–∞ –º–Ω–µ —Å–æ —Å–≤–æ–∏–º –∑—Ä–µ–Ω–∏–µ–º –≥–ª–∞–¥–µ–Ω—å–∫–æ –≤—Å–µ –ø–æ–±—Ä–∏–ª–∞ –æ–ø–∞—Å–Ω–æ–π –±—Ä–∏—Ç–≤–æ–π. –°–º–µ–ª–æ —Å–∫–∞–∂—É, —á—Ç–æ –ª—É—á—à–µ –º–µ–Ω—è –µ—â–µ –Ω–∏–∫–æ–≥–¥–∞ –∏ –Ω–∏–≥–¥–µ –Ω–µ –ø–æ–¥—Å—Ç—Ä–∏–≥–∞–ª–∏. –¢–∞–∫ –Ω–∞ –≤—ã—Ö–æ–¥–µ –µ—â–µ –∏ –∫–∞—Ä—Ç–æ—á–∫—É –¥–∞–ª–∏, —Å–æ–±–µ—Ä–∏ 5 —Å—Ç—Ä–∏–∂–µ–∫ –∏ 6 –≤ –ø–æ–¥–∞—Ä–æ–∫. –¢–µ–ø–µ—Ä—å —Ç–æ—á–Ω–æ –±—É–¥—É —Ö–æ–¥–∏—Ç—å —Ç–æ–ª—å–∫–æ –∫ –Ω–∏–º.

 
#–£–¥–∏–≤–∏—Ç–µ–ª—å–Ω–æ–µ@pn6"
99,"‚ö°‚ö°‚ö°–ü—Ä–∏—à–ª–æ –≤—Ä–µ–º—è –¥–ª—è —Ñ–ª–µ—à–º–æ–±–∞ ""–ü—Ä–∞–≤–¥–∞ –∏–ª–∏ –¥–µ–π—Å—Ç–≤–∏–µ"", –∏ –Ω–∞—á–Ω–µ–º –º—ã –µ–≥–æ –ø—Ä—è–º–æ —Å–µ–π—á–∞—Å! ‚ö°‚ö°‚ö°

–°–µ–≥–æ–¥–Ω—è —É –≤–∞—Å –µ—Å—Ç—å —à–∞–Ω—Å –ø–æ–±–ª–∏–∂–µ –ø–æ–∑–Ω–∞–∫–æ–º–∏—Ç—å—Å—è –¥—Ä—É–≥ —Å –¥—Ä—É–≥–æ–º, –∑–∞–¥–∞–≤–∞—è –∞–±—Å–æ–ª—é—Ç–Ω–æ –ª—é–±—ã–µ –≤–æ–ø—Ä–æ—Å—ã –∏ –ø—Ä–∏–¥—É–º—ã–≤–∞—è –∑–∞–±–∞–≤–Ω—ã–µ –∑–∞–¥–∞–Ω–∏—è üòé

üí• –ü–†–ê–í–ò–õ–ê –£–ß–ê–°–¢–ò–Ø
1) –í—ã–±–∏—Ä–∞–π—Ç–µ —Å–≤–æ–π –≤–æ–∑—Ä–∞—Å—Ç
2) –í—ã–±–∏—Ä–∞–π—Ç–µ 20 —á–µ–ª–æ–≤–µ–∫, –ø–æ–¥—Ö–æ–¥—è—â–µ–≥–æ –≤–æ–∑—Ä–∞—Å—Ç–∞;
3) –ù–∞—á–Ω–∏—Ç–µ —Ä–∞–∑–≥–æ–≤–æ—Ä —Å —Ñ—Ä–∞–∑—ã ""–ü—Ä–∏–≥–æ—Ç–æ–≤—å—Å—è —Ä–∞—Å—Å–∫–∞–∑–∞—Ç—å –º–Ω–µ –≤—Å–µ. –ü—Ä–∞–≤–¥–∞ –∏–ª–∏ –¥–µ–π—Å—Ç–≤–∏–µ?"" üòá
4) –ï—Å–ª–∏ –≤–∞—à —Å–æ–±–µ—Å–µ–¥–Ω–∏–∫ –≤—ã–±–∏—Ä–∞–µ—Ç –ø—Ä–∞–≤–¥—É - –∑–∞–¥–∞–µ—Ç–µ –µ–º—É –≤–æ–ø—Ä–æ—Å, –Ω–∞ –∫–æ—Ç–æ—Ä—ã–π –æ–Ω –æ–±—è–∑–∞–Ω –æ—Ç–≤–µ—Ç–∏—Ç—å —á–µ—Å—Ç–Ω–æ, –∞ –µ—Å–ª–∏ –¥–µ–π—Å—Ç–≤–∏–µ - —Ç–æ –ø—Ä–∏–¥—É–º—ã–≤–∞–µ—Ç–µ –≤–µ—Å–µ–ª–æ–µ, –Ω–æ –Ω–µ—Å–ª–æ–∂–Ω–æ–µ –∑–∞–¥–∞–Ω–∏–µ.
5) –ü—Ä–∏—Å—ã–ª–∞–π—Ç–µ —Å–∫—Ä–∏–Ω—ã –≤–µ—Å–µ–ª—ã—Ö –ø–µ—Ä–µ–ø–∏—Å–æ–∫ –≤ ""–ø—Ä–µ–¥–ª–æ–∂–∏—Ç—å –Ω–æ–≤–æ—Å—Ç—å"" üëç
6) –ù–∞—Å–ª–∞–∂–¥–∞–π—Ç–µ—Å—å —Ö–æ—Ä–æ—à–∏–º –≤–µ—á–µ—Ä–æ–º! üòç

–ù–µ —Å—Ç–µ—Å–Ω—è–π—Ç–µ—Å—å –∏ –Ω–∞—Å–ª–∞–∂–¥–∞–π—Ç–µ—Å—å –Ω–æ–≤—ã–º–∏ –∑–Ω–∞–∫–æ–º—Å—Ç–≤–∞–º–∏, –±—É–¥—å—Ç–µ –¥–æ–±—Ä–µ–µ –∏ –≤–Ω–∏–º–∞—Ç–µ–ª—å–Ω–µ–µ –¥—Ä—É–≥ –∫ –¥—Ä—É–≥—É. –°–µ–≥–æ–¥–Ω—è —É –≤–∞—Å –µ—Å—Ç—å –ø—Ä–µ–∫—Ä–∞—Å–Ω—ã–π —à–∞–Ω—Å –∑–∞–≤–µ—Å—Ç–∏ –Ω–æ–≤—ã—Ö –¥—Ä—É–∑–µ–π, –∫–æ—Ç–æ—Ä—ã–µ –µ—Å–ª–∏ –∏ –Ω–µ –±—É–¥—É—Ç —Å –≤–∞–º–∏ –Ω–∞ –ø—Ä–æ—Ç—è–∂–µ–Ω–∏–∏ –≤—Å–µ–π –∂–∏–∑–Ω–∏, —Ç–æ —É–∂ —Ç–æ—á–Ω–æ –ø–æ–º–æ–≥—É—Ç —Å–∫—Ä–∞—Å–∏—Ç—å –Ω–µ –æ–¥–∏–Ω –≤–µ—á–µ—Ä üíÉ

–ó–∞–∂–≥–∏—Ç–µ —ç—Ç–æ—Ç –≤–µ—á–µ—Ä üî•üî•üî•"
